date,guest,extra
1/11/1999,Michael J. Fox,
1/12/1999,Sandra Bernhard,
1/13/1999,Tracey Ullman,
1/14/1999,Gillian Anderson,
1/18/1999,David Alan Grier,
1/19/1999,William Baldwin,
1/20/1999,Michael Stipe,
1/21/1999,Carmen Electra,
1/25/1999,Matthew Lillard,
1/26/1999,David Cross,
1/27/1999,Yasmine Bleeth,
1/28/1999,D. L. Hughley,
2/1/1999,George Carlin,
2/2/1999,Dave Foley,
2/3/1999,Kellie Martin,
2/4/1999,Jerry O'Connell,
2/8/1999,Melissa Gilbert,
2/9/1999,Brendan Fraser,
2/10/1999,"Pamela Anderson, Natalie Raitano, Molly Culver",
2/11/1999,Daniel Stern,
2/16/1999,Melina Kanakaredes,
2/17/1999,Ed McMahon,
2/18/1999,Mike Judge,
3/1/1999,John Tesh,
3/2/1999,Eric McCormack,
3/3/1999,Jeri Ryan,
3/4/1999,Ryan Phillippe,
3/8/1999,Ian McKellen,
3/9/1999,Jon Voight,
3/10/1999,Sammy Hagar,
3/11/1999,"Hootie & the Blowfish, Billy Crystal",
3/15/1999,Peter Krause,
3/16/1999,Chris Isaak,
3/17/1999,John Larroquette,
3/18/1999,Joseph Gordon-Levitt,
3/22/1999,Jennifer Grey,
3/23/1999,Norm Macdonald,
3/24/1999,Sandra Bullock,
3/25/1999,Janine Turner,
3/29/1999,Ron Howard,
3/30/1999,Omar Epps,
3/31/1999,Diane Lane,
4/1/1999,Stephen Baldwin,
4/12/1999,Ernie Hudson,
4/13/1999,Josh Charles,
4/14/1999,Jackie Chan,
4/15/1999,Marlee Matlin,
4/19/1999,Sharon Lawrence,
4/20/1999,Rob Estes,
4/21/1999,Angelina Jolie,
4/22/1999,David Spade,
4/26/1999,Seth Green,
4/27/1999,Sheryl Lee Ralph,
4/28/1999,Chris Robinson,
4/29/1999,Joy Behar,
5/10/1999,Thomas Gibson,
5/11/1999,Paula Cale,
5/12/1999,Ted Danson,
5/13/1999,Esai Morales,
5/17/1999,Jane Seymour,
5/18/1999,Robert Schimmel,
5/19/1999,Camryn Manheim,
5/20/1999,Ray Romano,
5/24/1999,Patricia Richardson,
5/25/1999,Suzanne Somers,
5/26/1999,Natalie Portman,
5/27/1999,Jamie Foxx,
6/7/1999,Harry Connick Jr.,
6/8/1999,Caroline Rhea,
6/9/1999,Damon Wayans,
6/10/1999,Timothy Hutton,
6/14/1999,Mike Myers,
6/15/1999,Rob Lowe,
6/16/1999,Mike Myers,
6/17/1999,Heather Graham,
6/21/1999,Felicity Huffman,
6/22/1999,Jimmy Kimmel,
6/23/1999,Adam Sandler,
6/24/1999,Richard Belzer,
6/28/1999,Margaret Cho,
6/29/1999,Scott Wolf,
6/30/1999,Roseanne Barr,
7/1/1999,Rob Schneider,
7/12/1999,Adam Arkin,
7/13/1999,Miss Piggy,
7/14/1999,John Leguizamo,
7/15/1999,Robert Klein,
7/19/1999,Christa Miller,
7/20/1999,David Brenner,
7/21/1999,Third Anniversary Special,
7/22/1999,Joely Fisher,
7/26/1999,Donny Osmond,
7/27/1999,Wendie Malick,
7/28/1999,Vince Neil,
7/29/1999,Janeane Garofalo,
8/2/1999,Bebe Neuwirth,
8/3/1999,Garry Marshall,
8/4/1999,Denis Leary,
8/5/1999,Jeffrey Tambor,
8/9/1999,Dave Foley,
8/10/1999,Dom Irrera,
8/11/1999,Pierce Brosnan,
8/12/1999,Eduardo Sanchez & Daniel Myrick,
8/16/1999,Carson Daly,
8/17/1999,Molly Ringwald,
8/18/1999,Sarah Jessica Parker,
8/19/1999,French Stewart,
8/23/1999,Cheryl Ladd,
8/24/1999,LL Cool J,
8/25/1999,Dwight Yokam,
8/26/1999,Nia Long,
8/30/1999,Summer Spectacular,
9/13/1999,Elayne Boosler,
9/14/1999,Tom Green,
9/15/1999,Jason Priestly,
9/16/1999,David Cross,
9/20/1999,Andy Richter,
9/21/1999,Donny Osmond & Marie Osmond,
9/22/1999,Dave Chappelle,
9/23/1999,Steve Zahn,
9/27/1999,Norm Macdonald,
9/28/1999,Melissa Joan Hart,
9/29/1999,Richard Lewis,
9/30/1999,Bruce McCulloch and Mark McKinney,
10/4/1999,Greg Proops,
10/5/1999,Maury Povich,
10/6/1999,Brooke Shields,
10/7/1999,Molly Shannon,
10/18/1999,Rebecca Gayheart,
10/19/1999,Steven Wright,
10/20/1999,Amy Brenneman,
10/21/1999,Melissa Gilbert,
10/25/1999,Cathy Moriarty,
10/26/1999,Louie Anderson,
10/27/1999,Sarah Michelle Gellar,
10/28/1999,Melanie C.,
11/1/1999,Chris O'Donnell,
11/2/1999,Jennifer Love Hewitt,
11/3/1999,Dave Grohl,
11/4/1999,Roshumba Williams,
11/8/1999,Kellie Martin,
11/9/1999,Kathy Griffin,
11/15/1999,Christina Ricci,
11/16/1999,Tori Amos,
11/17/1999,Lennox Lewis,
11/18/1999,Bill Maher,
11/29/1999,Goo Goo Dolls,
11/30/1999,Stephen Rea,
12/1/1999,Laura San Giacomo,
12/2/1999,Michael Boatman,
12/6/1999,Paul Rudd,
12/7/1999,"Senator Bob Dole, part 1",
12/8/1999,"Senator Bob Dole, part 2",
12/9/1999,Rob Schneider,
12/13/1999,Joan Lunden,
12/14/1999,Shannen Doherty,
12/15/1999,Greatest Millenium Special,
12/16/1999,George Carlin,
12/20/1999,David Boreanaz,
12/21/1999,Jewel,
1/4/2000,Cynthia Nixon,
1/5/2000,Robbie Williams,
1/6/2000,Richard Belzer,
1/10/2000,Joe Montana,
1/11/2000,Will Ferrell,
1/12/2000,Ice Cube,
1/13/2000,Michael Stipe,
1/17/2000,Penelope Ann Miller,
1/18/2000,Frankie Muniz,
1/19/2000,Freddie Prinze Jr.,
1/20/2000,Jerry Springer,
1/24/2000,Selma Blair,
1/25/2000,Peter Krause,
1/26/2000,Jenny McCarthy,
1/27/2000,David Arquette,
2/1/2000,Jeff Bridges,
2/2/2000,Bob Dole,
2/3/2000,Jason Priestly,
2/14/2000,Moby,
2/15/2000,Dennis Farina,
2/16/2000,Matthew Perry,
2/17/2000,Ed McMahon,
2/22/2000,Snoop Dogg,
2/23/2000,Charlize Theron,
2/24/2000,Rachael Leigh Cook,
2/28/2000,Forest Whitaker,
2/29/2000,Vin Diesel,
3/1/2000,Tobey Maguire,
3/2/2000,Ellen DeGeneres,
3/6/2000,Neil Patrick Harris,
3/7/2000,Kevin Pollak,
3/8/2000,Bob Dole,
3/9/2000,Garry Shandling,
3/13/2000,Eddie Izzard,
3/14/2000,Kim Delaney,
3/15/2000,Wolf Blitzer,
3/16/2000,Drew Carey,
3/20/2000,Chris Meloni,
3/21/2000,Marla Sokoloff,
3/22/2000,Eric Idle,
3/23/2000,Leelee Sobieski,
3/27/2000,John Lydon,
3/28/2000,Joshua Jackson,
3/29/2000,Sam Donaldson,
3/30/2000,Jimmy Smits,
4/10/2000,Roger Daltrey,
4/11/2000,Ben Stein,
4/12/2000,Patrick Stewart,
4/13/2000,David Alan Grier,
4/17/2000,Stanley Tucci,
4/18/2000,Samantha Mathis,
4/19/2000,Diamond Dallas Page,
4/20/2000,Arlen Specter,
4/24/2000,Hugh Hefner,
4/25/2000,Kirsten Dunst,
4/26/2000,Jeanne Tripplehorn,
4/27/2000,Stephen Baldwin,
5/1/2000,S. Epatha Merkerson,
5/2/2000,Luke Wilson,
5/3/2000,Julie Warner,
5/4/2000,Eric Close,
5/8/2000,Wendie Malick,
5/9/2000,Jesse L. Martin,
5/10/2000,Andy Richter,
5/11/2000,Betty White,
5/15/2000,Tracey Ullman,
5/16/2000,Kyle MacLachlan,
5/17/2000,Jane Leeves,
5/18/2000,Michael Rapaport,
5/30/2000,Laura Kightlinger,
5/31/2000,Thandie Newton,
6/1/2000,Sonja Christopher,
6/5/2000,Penn and Teller,
6/6/2000,Kelli Williams,
6/7/2000,Michael Moore,
6/12/2000,When the Elderly Go on TV with Al Greenwood,
6/13/2000,Mark Curry,
6/14/2000,Jimmy Kimmel & Adam Carolla,
6/15/2000,Julie Brown,
6/19/2000,Heather Donahue,
6/20/2000,Joe Lockhart,
6/21/2000,Freddie Prinze Jr.,
6/22/2000,Alicia Silverstone,
6/26/2000,Cheri Oteri,
6/27/2000,Jeff Probst,
6/28/2000,Richie Sambora,
6/29/2000,John C. Reilly,
7/10/2000,Anna Paquin,
7/11/2000,J.K. Simmons,
7/12/2000,Famke Janssen,
7/13/2000,Billy Crudup,
7/17/2000,Shawn & Marlon Wayans,
7/18/2000,Halle Berry,
7/19/2000,Fourth Anniversary Special,
7/20/2000,Al Roker,
7/24/2000,Peter Fonda,
7/25/2000,Joe Eszterhas,
7/26/2000,Jennifer Beals,
7/31/2000,Campaign Trail to the Road to the White House,
8/1/2000,Republican National Convention Pt. 1,
8/2/2000,Republican National Convention Pt. 2,
8/3/2000,Republican National Convention Pt. 3,
8/4/2000,Republican National Convention Pt. 4,
8/15/2000,Democratic National Convention Pt. 1,
8/16/2000,Democratic National Convention Pt. 2,
8/17/2000,Democratic National Convention Pt. 3,
8/18/2000,Democratic National Convention Pt. 4,
8/22/2000,Jeremy Piven,
8/23/2000,Slash,
8/24/2000,Vincent D'Onofrio,
9/5/2000,Donal Logue,
9/6/2000,Greg Kinnear,
9/7/2000,Spinal Tap,
9/11/2000,Joe Mantegna,
9/12/2000,Eugene Levy,
9/13/2000,Lennox Lewis,
9/14/2000,Senator Joe Lieberman,
9/18/2000,Ryan Phillippe,
9/19/2000,Jamie Lee Curtis,
9/20/2000,Barenaked Ladies,
9/21/2000,Jamie Foxx,
9/25/2000,Jonathan Katz,
9/26/2000,Bill Goldberg,
9/27/2000,Sylvester Stallone,
9/28/2000,Tony Danza,
10/2/2000,Dean Cain,
10/3/2000,Ashton Kutcher,
10/4/2000,Jewel,
10/5/2000,Ralph Nader,
10/16/2000,Alice Cooper,
10/17/2000,Christian Slater,
10/18/2000,Joshua Jackson,
10/19/2000,Brendan Fraser,
10/23/2000,Kevin James,
10/24/2000,Jeff Garlin,
10/25/2000,Posh Spice & Baby Spice,
10/26/2000,Steven Weber,
10/30/2000,Brett Butler,
10/31/2000,David Frost,
11/1/2000,Phil Donahue,
11/2/2000,Michael Richards,
11/6/2000,Arlen Specter,
11/7/2000,Indecision 2000 Choose and Loose,
11/8/2000,Richard Belzer,
11/9/2000,Michael Moore,
11/13/2000,Adam Sandler,
11/14/2000,Patricia Arquette,
11/15/2000,Adam Sandler,
11/16/2000,Rhys Ifans,
11/20/2000,Tales of Survival with Vance DeGeneres,
11/27/2000,John Goodman,
11/28/2000,Laura San Giacomo,
11/29/2000,Billy Campbell,
11/30/2000,Anthony Clark,
12/4/2000,Thomas Gibson,
12/5/2000,Faith Ford,
12/6/2000,Chris O'Donnell,
12/7/2000,Marlan Wayans,
12/11/2000,Ira Glass,
12/12/2000,Greta Van Susteren,
12/13/2000,Indecision 2000 Special,
12/14/2000,Wolf Blitzer,
12/18/2000,Marla Sokoloff,
12/19/2000,Marisa Tomei,
12/20/2000,Jeri Ryan,
12/21/2000,Gillian Anderson,
1/9/2001,Richard Lewis,
1/10/2001,Vitamin C,
1/11/2001,Julia Stiles,
1/15/2001,William Dafoe,
1/16/2001,Tim Robbins,
1/17/2001,Sam Donaldson,
1/18/2001,Lynn Whitfield,
1/22/2001,Bill O'Reilly,
1/23/2001,Matthew McConaughey,
1/24/2001,Terry Bradshaw,
1/25/2001,Topher Grace,
1/29/2001,David Boreanaz,
1/30/2001,Dyan Cannon,
1/31/2001,James van der Beek,
2/1/2001,Tim Blake Nelson,
2/12/2001,Dave Grohl,
2/13/2001,Kermit the Frog,
2/14/2001,Jessica Alba,
2/15/2001,Wanda Sykes,
2/20/2001,Greg Germann,
2/21/2001,Chris Rock,
2/22/2001,Kelly Ripa,
2/26/2001,Ted Danson,
2/27/2001,Joe Pantoliano,
2/28/2001,Heather Locklear,
3/1/2001,Warren Christopher,
3/5/2001,Martin Short,
3/6/2001,Ed Burns,
3/7/2001,Carmen Electra,
3/8/2001,Javier Bardem,
3/19/2001,Chris Meloni,
3/20/2001,Mary Stuart Masterson,
3/21/2001,Jeff Varner,
3/22/2001,Denis Leary,
3/26/2001,Richard Roeper,
3/27/2001,Richard Lewis,
3/28/2001,Mark Harmon,
3/29/2001,Jennifer Love Hewitt,
4/2/2001,Lisa Ling,
4/3/2001,Amy Sedaris,
4/4/2001,D.L. Hughley,
4/5/2001,Steven Weber,
4/9/2001,Paul Reubens,
4/10/2001,Bob Costas,
4/11/2001,Damon Wayans,
4/12/2001,Brittany Daniel,
4/23/2001,Don Hewitt,
4/24/2001,Rachael Leigh Cook,
4/25/2001,Tom Green,
4/26/2001,Tom Cavanagh,
4/30/2001,Eric McCormack,
5/1/2001,Dominic Chianese,
5/2/2001,No Guest,
5/3/2001,Robert Patrick,
5/7/2001,Chris Robinson,
5/8/2001,James Van Der Beek,
5/9/2001,Richie Sambora,
5/10/2001,Patricia Richardson,
5/14/2001,Maura Tierney,
5/15/2001,Denise Quiñones,
5/16/2001,Heath Ledger,
5/17/2001,Jerry Springer,
5/29/2001,Richard Schiff,
5/30/2001,Bradley Whitford,
5/31/2001,Leah Remini,
6/4/2001,Jake Johannsen,
6/5/2001,Richard Belzer,
6/6/2001,Al Roker,
6/7/2001,Bernie Mac,
6/11/2001,Joe Queenan,
6/12/2001,Gene Simmons,
6/13/2001,David Duchovny,
6/14/2001,Jeff Greenfield,
6/18/2001,Martin Short,
6/19/2001,Michael Rapaport,
6/20/2001,Alec Baldwin,
6/21/2001,Mýa,
6/25/2001,Sam Robards,
6/26/2001,Johnny Knoxville,
6/27/2001,Jet Li,
6/28/2001,Bridget Fonda,
7/9/2001,Sean Hayes,
7/10/2001,The Spice Girls,
7/11/2001,James Woods,
7/12/2001,Vince Vaughn,
7/16/2001,Jon Favreau,
7/17/2001,Maria Bartiromo,
7/18/2001,Ed Norton,
7/19/2001,Hank Azaria,
7/23/2001,Larry Miller,
7/24/2001,Paul Giametti,
7/25/2001,Senator Joe Lieberman,
7/26/2001,Senator John McCain,
7/30/2001,Jerri Manthey,
7/31/2001,Peter Krause,
8/1/2001,Jackie Chan,
8/2/2001,Janeane Garofalo,
8/6/2001,Andie MacDowell,
8/7/2001,Joe Rogan,
8/8/2001,Tara Reid,
8/9/2001,Jason Biggs,
8/13/2001,David Rakoff,
8/14/2001,John Carpenter,
8/15/2001,Seth Green,
8/16/2001,Fabio,
8/20/2001,Cuba Gooding Jr.,
8/21/2001,Griffin Dunne,
8/22/2001,Will Ferrell,
8/23/2001,Kevin Smith,
9/10/2001,They Might Be Giants,
9/11/2001,Dave Navarro,sept11
9/20/2001,The Comeback Episode,
9/24/2001,Frank Rich,
9/25/2001,Aaron Brown,
9/26/2001,Jeff Greenfield,
9/27/2001,Tenacious D,
10/1/2001,Kelsey Grammer,
10/2/2001,Jim Belushi,
10/3/2001,Stephen Morse,
10/4/2001,Kate Beckinsale,
10/9/2001,Owen Wilson,
10/10/2001,Jeremy Piven,
10/11/2001,John Miller,
10/15/2001,Emeril Lagasse,
10/16/2001,Lorraine Bracco,
10/17/2001,Snoop Dogg,
10/18/2001,Fareed Zakaria,
10/22/2001,Lance Bass,
10/23/2001,Don Dahler,
10/24/2001,Greta Van Susteren,
10/25/2001,Jeff Bridges,
10/30/2001,Rob Morrow,
10/31/2001,Richard Holbrooke,
11/1/2001,Kevin Spacey,
11/5/2001,Paul Rudd,
11/6/2001,P.J. O'Rourke,
11/7/2001,George Stephanopoulos,
11/8/2001,Jennifer Saunders,
11/12/2001,Steve Kroft,
11/13/2001,Anne Robinson,
11/14/2001,Carson Daly,
11/15/2001,John Stamos,
11/26/2001,Edward Burns,
11/27/2001,Star Jones,
11/28/2001,Jennifer Garner,
11/29/2001,David Halberstam,
12/3/2001,Nadine Strossen,
12/4/2001,John Edward,
12/5/2001,Marg Helgenberger,
12/6/2001,Ted Danson,
12/10/2001,Stephen Colbert as Al Sharpton,
12/11/2001,Dave Gorman,
12/12/2001,Janeane Garofalo,
12/13/2001,Tracey Ullman,
12/17/2001,Elijah Wood,
12/18/2001,Peggy Noonan,
12/19/2001,Gary Sinise,
12/20/2001,Jamie Foxx,
1/8/2002,Anjelica Houston,
1/9/2002,Luke Wilson,
1/10/2002,Jack Black,
1/14/2002,Leslie Stahl,
1/15/2002,Ian McKellan,
1/16/2002,Colin Hanks,
1/17/2002,Jeremy Northam,
1/21/2002,Al Sharpton,
1/22/2002,Anthony LaPaglia,
1/23/2002,Harold Ramis,
1/24/2002,Sebastian Junger,
1/28/2002,Ron Insana,
1/29/2002,Elmore Leonard,
1/30/2002,John King,
1/31/2002,Jason Schwartzman,
2/4/2002,Ron Howard,
2/5/2002,Greta Van Susteren,
2/6/2002,LL Cool J,
2/7/2002,Barry Manilow,
2/11/2002,Scott Bakula,
2/12/2002,John Stossel,
2/13/2002,Ralph Nader,
2/14/2002,Rebecca Romijn,
2/19/2002,Jeri Ryan,
2/20/2002,Bethany McLean,
2/21/2002,Michael Moore,
3/4/2002,David Remnick,
3/5/2002,Richard Lewis,
3/6/2002,Milla Jovovich,
3/7/2002,Tom Arnold,
3/11/2002,Bea Arthur,
3/12/2002,Denis Leary,
3/13/2002,Joe Klein,
3/14/2002,Bill O'Reilly,
3/18/2002,Andy Richter,
3/19/2002,John McCain,
3/20/2002,John Leguizamo,
3/21/2002,Aidan Quinn,
4/1/2002,Paula Zahn,
4/2/2002,David Brock,
4/3/2002,Jon Favreau,
4/4/2002,Ashley Judd,
4/8/2002,Tony Danza,
4/9/2002,Judy Woodruff,
4/10/2002,Patricia Arquette,
4/11/2002,The Goo Goo Dolls,
4/15/2002,Samuel L. Jackson,
4/16/2002,Lisa Beyer,
4/17/2002,Tara Reid,
4/18/2002,Richard Dreyfuss,
4/22/2002,Michael Clarke Duncan,
4/23/2002,Beau Bridges,
4/24/2002,Elvis Costello,
4/25/2002,H.W. Crocker III,
4/29/2002,Susan Caskie,
4/30/2002,Alanis Morrissette,
5/1/2002,Robin Roberts,
5/2/2002,Willem Defoe,
5/6/2002,Simon Baker,
5/7/2002,Mark Bowden,
5/8/2002,Diane Lane,
5/9/2002,David Boreanaz,
5/13/2002,Moby,
5/14/2002,Liev Schreiber,
5/15/2002,Rupert Everett,
5/16/2002,Allison Janney,
5/23/2002,Matt Walsh Goes To Hawaii,
6/3/2002,Colin Firth,
6/4/2002,Ashleigh Banfield,
6/5/2002,Adam Carolla & Jimmy Kimmel,
6/6/2002,Christopher Whitcomb,
6/10/2002,Charles Grodin,
6/11/2002,Val Kilmer,
6/12/2002,Michael Bloomberg,
6/13/2002,Joseph Cirincione,
6/17/2002,Freddie Prinze Jr.,
6/18/2002,Christian Slater,
6/19/2002,Cynthia McFadden,
6/20/2002,David Cross & Bob Odenkirk,
6/24/2002,Colin Farrell,
6/25/2002,David Scheffer,
6/26/2002,Paul Sorvino,
6/27/2002,Clint Mathis,
7/8/2002,Adam Sandler,
7/9/2002,John King,
7/10/2002,Busta Rhymes,
7/11/2002,Steve Irwin,
7/15/2002,John Ritter,
7/16/2002,Michelle Williams,
7/17/2002,Ann Coulter,
7/18/2002,Natasha Henstridge,
7/22/2002,Regis Philbin,
7/23/2002,Tim Blake Nelson,
7/24/2002,Steven Weber,
7/25/2002,Seth Green,
7/29/2002,Cynthia Nixon,
7/30/2002,Robert Wagner,
7/31/2002,Martin Lawrence,
8/1/2002,Mike Myers,
8/5/2002,Charles Schumer,
8/6/2002,Antonio Banderas,
8/7/2002,Vin Diesel,
8/8/2002,Paul Rudd,
8/12/2002,Michael C. Hall,
8/13/2002,Scott Ritter,
8/14/2002,Kevin Nealon,
8/15/2002,Rich Eisen,
8/19/2002,Denis Leary,
8/20/2002,Jim Lehrer,
8/21/2002,Robin Williams,
8/22/2002,Matthew Perry,
9/9/2002,Lorraine Bracco,
9/10/2002,Zach Braff,
9/12/2002,Sarah Vowell,
9/16/2002,John Miller,
9/17/2002,Jason Lee,
9/18/2002,Damon Wayans,
9/19/2002,Djimon Hounsou,
9/24/2002,Kate Hudson,
9/25/2002,George Stephanopoulos,
9/26/2002,Goldie Hawn,
9/30/2002,Bonnie Hunt,
10/1/2002,Patrick Dempsey,
10/2/2002,David Schwimmer,
10/3/2002,Rita Wilson,
10/7/2002,Jake Gyllenhaal,
10/8/2002,Jill Hennessy,
10/9/2002,Peter Jennings,
10/10/2002,Oliver North,
10/14/2002,Road to Washington Special,
10/15/2002,Judy Woodruff,
10/16/2002,Richard Lewis,
10/17/2002,Greg Kinnear,
10/28/2002,Sen. John Edwards,
10/29/2002,Victoria Clark,
10/30/2002,Pat Buchanan,
10/31/2002,Ted Koppel,
11/4/2002,Christina Aguilera,
11/5/2002,Live Election Night Special,
11/6/2002,Candy Crowley,
11/7/2002,Jakob Dylan,
11/12/2002,Alexandria Pelosi,
11/13/2002,Kiefer Sutherland,
11/14/2002,Tom Arnold,
11/18/2002,Ja Rule,
11/19/2002,Rep. Harold Ford,
11/20/2002,Catherine Crier,
11/21/2002,Kevin James,
12/2/2002,Andy Richter,
12/3/2002,Katrina Vanden Heuvel,
12/4/2002,Colin Quinn,
12/5/2002,Rob Schneider,
12/9/2002,Al Gore,
12/10/2002,Tom Brokaw,
12/11/2002,Sandra Bullock,
12/12/2002,Anna Paquin,
12/16/2002,Sen. Charles Schumer,
12/17/2002,Charles Barkley,
12/18/2002,Edward Norton,
12/19/2002,John Cusack,
1/7/2003,Cameron Diaz,
1/8/2003,Ray Liotta,
1/9/2003,Philip Seymour Hoffman,
1/13/2003,Kathy Bates,
1/14/2003,Michael Moore,
1/15/2003,Dave Chappelle,
1/16/2003,Joseph Lieberman,
1/20/2003,Merv Griffin,
1/21/2003,Simon Cowell,
1/22/2003,John C. Reilly,
1/23/2003,Jimmy Kimmel,
1/27/2003,Rosie Perez,
1/28/2003,Bill Moyers,
1/29/2003,Jeff Greenfield,
1/30/2003,Laurence Fishburne,
2/3/2003,Doug Wilson,
2/4/2003,Kate Hudson,
2/5/2003,Arianna Huffington,
2/6/2003,David Frum,
2/10/2003,Joe Klein,
2/11/2003,Bebe Neuwirth,
2/12/2003,Michael Clarke Duncan,
2/13/2003,Ben Affleck,
2/18/2003,Steve Kroft,
2/19/2003,Jeff Daniels,
2/20/2003,Luke Wilson,
3/3/2003,Eric Idle,
3/4/2003,Walter Isaacson,
3/5/2003,Adrien Brody,
3/6/2003,David Cross,
3/10/2003,Leslie Gelb,
3/11/2003,Colin Quinn,
3/12/2003,Dick Gephardt,
3/13/2003,Tom Cavanagh,
3/17/2003,Eric Alterman,
3/18/2003,Jason Lee,
3/19/2003,John Hulsman,
3/20/2003,Eddie Griffin,
3/24/2003,Jim Kelly,
3/25/2003,Connie Nielsen,
3/26/2003,Ringo Starr,
3/27/2003,Hilary Swank,
3/31/2003,Chris Rock,
4/1/2003,Anthony Swofford,
4/2/2003,Kelly Preston,
4/3/2003,Colin Farrell,
4/7/2003,Martha Burk,
4/8/2003,Susan Sarandon,
4/9/2003,Ambassador David Scheffer,
4/10/2003,Dennis Miller,
4/21/2003,Patrick Stewart,
4/22/2003,Rachel Weisz,
4/23/2003,Richard Lewis,
4/24/2003,Fareed Zakaria,
4/28/2003,Dr. Sanjay Gupta,
4/29/2003,Julia Louis-Dreyfus,
4/30/2003,John Malkovich,
5/1/2003,Famke Janssen,
5/5/2003,Chris Matthews,
5/6/2003,Caroline Kennedy,
5/7/2003,Graham Norton,
5/8/2003,Paul Rudd,
5/12/2003,Randy Jackson,
5/13/2003,Joshua Jackson,
5/14/2003,Diane Ravitch,
5/15/2003,Michael Kinsley,
5/26/2003,Iraq - A Look Baq,
5/27/2003,William Kristol,
5/28/2003,Lisa Ling,
5/29/2003,David Halberstam,
6/2/2003,Bill Hemmer,
6/3/2003,Eddie Izzard,
6/4/2003,Madeleine Albright,
6/5/2003,Tyrese Gibson,
6/9/2003,Guy Pearce,
6/10/2003,Newt Gingrich,
6/11/2003,Sidney Blumenthal,
6/12/2003,Ludacris,
6/16/2003,Harrison Ford,
6/17/2003,Lewis Lapham,
6/18/2003,Kelly Clarkson,
6/19/2003,Ron Livingston,
7/8/2003,Tony Snow,
7/9/2003,Erica Jong,
7/10/2003,Carson Daly,
7/14/2003,Angelina Jolie,
7/15/2003,Gary Hart,
7/16/2003,Rowan Atkinson,
7/17/2003,Martin Lawrence,
7/21/2003,Gabrielle Union,
7/22/2003,Scott Glenn,
7/23/2003,Dick Morris,
7/24/2003,Joseph Wilson,
7/28/2003,"Paul Teutul, Jr. & Paul Teutul, Sr.",
7/29/2003,Brian Williams,
7/30/2003,Alyson Hannigan,
7/31/2003,Soledad O'Brien,
8/4/2003,Denis Leary,
8/5/2003,John Popper,
8/6/2003,Robert Duvall,
8/7/2003,Tracey Ullman,
8/11/2003,Samuel L. Jackson,
8/12/2003,Kim Cattrall,
8/13/2003,Paul Giamatti,
8/14/2003,"Again, A Look Back",
8/18/2003,Jim Hightower,
8/19/2003,Cynthia Nixon,
8/20/2003,Will Shortz,
8/21/2003,Rep. Dennis Kucinich,
9/1/2003,"I'm A Correspondent, Please Don't Fire Me Special",
9/9/2003,Al Franken,
9/10/2003,Kate Beckinsale,
9/11/2003,No Guest,
9/15/2003,"John Edwards, Cuba Gooding Jr.",
9/16/2003,Madeleine Albright,
9/17/2003,Charlie Sheen,
9/18/2003,Christina Ricci,
9/23/2003,Michael Caine,
9/24/2003,Ben Stiller,
9/25/2003,Jonah Goldberg,
9/29/2003,Jack Black,
9/30/2003,Joe Scarborough,
10/1/2003,Vivica A. Fox,
10/2/2003,Rob Lowe,
10/6/2003,Michael Moore,
10/7/2003,Live coverage of the California Recall,
10/8/2003,Sen. Hillary Clinton,
10/9/2003,Tim Robbins,
10/20/2003,Dr. Henry Kissinger,
10/21/2003,Angelina Jolie,
10/22/2003,Walter Isaacson,
10/23/2003,Anthony Hopkins,
10/27/2003,Ted Danson,
10/28/2003,Wanda Sykes,
10/29/2003,Norm Macdonald,
10/30/2003,Neal Pollack,
11/3/2003,Kyle MacLachlan,
11/4/2003,Michael Beschloss,
11/5/2003,Bob Newhart,
11/6/2003,Colin Firth,
11/10/2003,Will Ferrell,
11/11/2003,Peter Dinklage,
11/12/2003,Wyclef Jean,
11/13/2003,Brendan Fraser,
11/17/2003,Heidi Klum,
11/18/2003,Bernard Goldberg,
11/19/2003,James Spader,
11/20/2003,Billy Bob Thornton,
11/24/2003,Who Are the Daily Show? Special,
12/1/2003,Adam Goldberg,
12/2/2003,Sen. Tom Daschle,
12/3/2003,Sean Hannity & Alan Colmes,
12/4/2003,Alec Baldwin,
12/8/2003,Eva Mendes,
12/9/2003,Steve Buscemi,
12/10/2003,Sen. Zell Miller,
12/11/2003,Gen. Wesley Clark,
12/15/2003,Maggie Gyllenhaal,
12/16/2003,Ben Affleck,
12/17/2003,Julia Stiles,
12/18/2003,Natalie Portman,
1/6/2004,Tom Brokaw,
1/7/2004,Elijah Wood,
1/8/2004,Charlize Theron,
1/12/2004,Richard Lewis,
1/13/2004,Catherine Weitz,
1/14/2004,Carol Moseley-Braun,
1/15/2004,Sen. Joe Biden,
1/19/2004,Philip Seymour Hoffman,
1/20/2004,Jeff Garlin,
1/21/2004,John McCain,
1/22/2004,Erika Christensen,
1/26/2004,Ken Auletta,
1/27/2004,Richard Perle,
1/28/2004,Christine Todd Whitman,
1/29/2004,Kelsey Grammer,
2/2/2004,Randy Jackson,
2/3/2004,Donald Trump,
2/4/2004,Senator Bob Dole,
2/5/2004,Noah Wyle,
2/9/2004,Charles Lewis,
2/10/2004,Dave Chappelle,
2/11/2004,Paul Rudd,
2/12/2004,Drew Barrymore,
2/23/2004,Tyra Banks,
2/24/2004,John Podhoretz,
2/25/2004,Norah Jones,
2/26/2004,Samuel L. Jackson,
3/1/2004,Edie Falco,
3/2/2004,Mark Ebner,
3/3/2004,Rudolph Giuliani,
3/4/2004,Willem Dafoe,
3/8/2004,Val Kilmer,
3/9/2004,Ed Gillespie,
3/10/2004,George Carlin,
3/11/2004,Paula Zahn,
3/15/2004,Sen. Charles Schumer,
3/16/2004,John Stossel,
3/17/2004,Mekhi Phifer,
3/18/2004,Ethan Hawke,
3/22/2004,Wynton Marsalis,
3/23/2004,Tom Hanks,
3/24/2004,Jamie Foxx,
3/25/2004,Al Franken,
3/29/2004,Jennifer Beals,
3/30/2004,Richard Clarke,
3/31/2004,Karen Hughes,
4/1/2004,Johnny Knoxville,
4/5/2004,Jerry Seinfeld,
4/6/2004,Matthew Perry,
4/7/2004,Tim Robbins,
4/8/2004,Jason Bateman,
4/19/2004,Melissa Etheridge,
4/20/2004,Mark Ruffalo,
4/21/2004,John Gibson,
4/22/2004,Arianna Huffington,
4/26/2004,Bob Kerrey,
4/27/2004,Rebecca Romijn-Stamos,
4/28/2004,Fareed Zakaria,
4/29/2004,Bob Woodward,
5/3/2004,Janeane Garofalo,
5/4/2004,Amb. Joe Wilson,
5/5/2004,Kareem Abdul-Jabbar,
5/6/2004,Andy Richter,
5/10/2004,Sen. John McCain,
5/11/2004,Tim Russert,
5/12/2004,Ken Mehlman,
5/13/2004,Bill Kristol,
6/1/2004,David Cross,
6/2/2004,Thomas Friedman,
6/3/2004,Mario Cuomo,
6/7/2004,Donna Brazile,
6/8/2004,David Brooks,
6/9/2004,Morgan Spurlock,
6/10/2004,Jennifer Love Hewitt,
6/14/2004,Stanley Tucci,
6/15/2004,Hassan Ibrahim,
6/16/2004,Robert Reich,
6/17/2004,Graham Norton,
6/21/2004,Stephen F. Hayes,
6/22/2004,Ashley Judd,
6/23/2004,Kevin Kline,
6/24/2004,Michael Moore,
6/28/2004,Terry McAuliffe,
6/29/2004,Edward Conlon,
6/30/2004,Calvin Trillin,
7/6/2004,Ralph Nader,
7/7/2004,Will Ferrell,
7/8/2004,Christina Applegate,
7/12/2004,Wolf Blitzer,
7/13/2004,Michael Isikoff,
7/14/2004,Sarah Vowell,
7/15/2004,Sacha Baron Cohen,
7/27/2004,Gov. Bill Richardson,
7/28/2004,Sen. Joe Biden,
7/29/2004,Coverage of the Democratic National Convention,
7/30/2004,Coverage of the Democratic National Convention,
8/2/2004,Henry Bonilla,
8/3/2004,Spike Lee,
8/4/2004,Aaron Eckhart,
8/5/2004,Natalie Portman,
8/9/2004,President Bill Clinton,
8/10/2004,Maureen Dowd,
8/11/2004,Tom Cruise,
8/12/2004,Bryan Keefer,
8/17/2004,Norm Coleman,
8/18/2004,Burt Reynolds,
8/19/2004,Seth Green,
8/23/2004,Robert Smith,
8/24/2004,John Kerry,
8/25/2004,Ed Gillespie,
8/30/2004,Indecision 2004: Midway to the Election Spectacular,
8/31/2004,Ted Koppel,
9/1/2004,Dan Bartlett,
9/2/2004,John McCain,
9/3/2004,Chris Matthews,
9/13/2004,Drew Barrymore,
9/14/2004,Pat Buchanan,
9/15/2004,Alec Baldwin,
9/16/2004,Gwyneth Paltrow,
9/21/2004,Richard Clarke,
9/22/2004,Marc Racicot,
9/23/2004,Matthew Broderick,
9/27/2004,Rosie Perez,
9/28/2004,Ralph Reed,
9/29/2004,Seymour Hersh,
9/30/2004,The Bush-Kerry Debate: The Squabble in Coral Gables,
10/4/2004,Bishop Desmond Tutu,
10/5/2004,Billy Bob Thornton,
10/6/2004,Bob Schieffer,
10/7/2004,Bill O'Reilly,
10/18/2004,Ed Koch,
10/19/2004,Marisa Tomei,
10/20/2004,Fareed Zakaria,
10/21/2004,Billy Crudup,
10/25/2004,Madeleine Albright,
10/26/2004,Bob Kerrey,
10/27/2004,Rev. Jesse Jackson,
10/28/2004,John Zogby,
11/1/2004,Chris Wallace,
11/2/2004,Indecision 2004: Prelude to a Recount,
11/3/2004,Charles Schumer,
11/4/2004,Bill Kristol,
11/9/2004,Richard Branson,
11/10/2004,Tom Wolfe,
11/11/2004,Kenneth Pollack,
11/15/2004,Sen. Kay Bailey Hutchison,
11/16/2004,Tom Brokaw,
11/17/2004,Thomas Frank,
11/18/2004,Woody Harrelson,
11/29/2004,Jude Law,
11/30/2004,Brian Williams,
12/1/2004,Christopher Hitchens,
12/2/2004,Stephen King,
12/6/2004,Isabella Rossellini,
12/7/2004,Paul O'Neill,
12/8/2004,Seth Mnookin,
12/9/2004,Kate Bosworth,
12/13/2004,Kevin Spacey,
12/14/2004,Dore Gold,
12/15/2004,Billy Connolly,
12/16/2004,Katie Couric,
1/4/2005,Paul Giamatti,
1/5/2005,Don Cheadle,
1/6/2005,Howard Zinn,
1/10/2005,John Grisham,
1/11/2005,Samuel Jackson,
1/12/2005,Dennis Quaid,
1/13/2005,Annette Benning,
1/17/2005,Brian Ross,
1/18/2005,Jim Wallis,
1/19/2005,Michael Beschloss,
1/20/2005,Joe Lieberman,
1/24/2005,Richard Viguerie,
1/25/2005,Seymour Hersh,
1/26/2005,John Leguizamo,
1/27/2005,Christine Todd Whitman,
1/31/2005,Fareed Zakaria,
2/1/2005,Paula Abdul,
2/2/2005,Anderson Cooper,
2/3/2005,Joe Klein,
2/14/2005,Redmond O'Hanlon,
2/15/2005,Eric Idle,
2/16/2005,Alan Cumming,
2/17/2005,Mark Mills,
2/22/2005,Rachel Weisz,
2/23/2005,Peter Jennings,
2/24/2005,Christina Ricci,
2/28/2005,Ben Nelson,
3/1/2005,Nancy Soderberg,
3/2/2005,Dwayne “The Rock” Johnson,
3/3/2005,Ari Fleischer,
3/7/2005,Melissa Boyle Mahle,
3/8/2005,Brian Williams,
3/9/2005,Bruce Willis,
3/10/2005,Paul Krugman,
3/14/2005,Harry Frankfurt,
3/15/2005,Tom Fenton,
3/16/2005,Rev. Al Green,
3/17/2005,Craig Ferguson,
3/21/2005,Sandra Bullock,
3/22/2005,Catherine Keener,
3/23/2005,Ozzy Osbourne,
3/24/2005,The RZA,
4/4/2005,Reggie Miller,
4/5/2005,Thomas Friedman,
4/6/2005,Matthew McConaughey,
4/7/2005,Drew Barrymore,
4/11/2005,Byron York,
4/12/2005,Senator Bob Dole,
4/13/2005,John P. Avlon,
4/14/2005,David Duchovny,
4/18/2005,Robert Reich,
4/19/2005,Sarah Vowell,
4/20/2005,Dennis Miller,
4/21/2005,Reza Aslan,
4/25/2005,Floyd Abrams,
4/26/2005,Ice Cube,
4/27/2005,Christina Hoff Sommers,
4/28/2005,Steve Levitt,
5/2/2005,Zell Miller,
5/3/2005,Christiane Amanpour,
5/4/2005,Martin Short,
5/5/2005,Tom Ridge,
5/9/2005,Kathleen Turner,
5/10/2005,Wanda Sykes,
5/11/2005,Al Roker,
5/12/2005,Tracey Ullman,
5/31/2005,Gerald Posner,
6/1/2005,Bo Bice,
6/2/2005,Russell Crowe,
6/6/2005,Newt Gingrich,
6/7/2005,Steven Johnson,
6/8/2005,Colin Powell,
6/9/2005,Matt Lauer,
6/13/2005,Larry Diamond,
6/14/2005,Will Ferrell,
6/15/2005,Flynt Leverett,
6/16/2005,Kenneth Timmerman,
6/20/2005,Ringo Starr,
6/21/2005,Dwight Yoakam,
6/22/2005,Bill Moyers,
6/23/2005,Howard Dean,
6/27/2005,Hanna Rosin,
6/28/2005,Morgan Spurlock,
7/11/2005,Marci Hamilton,
7/12/2005,Matt Taibbi,
7/13/2005,Bernard Goldberg,
7/14/2005,Michael Isikoff,
7/18/2005,Bob Woodward & Carl Bernstein,
7/19/2005,Billy Bob Thornton,
7/20/2005,"Robert F. Kennedy, Jr.",
7/21/2005,Fareed Zakaria,
7/25/2005,Senator Rick Santorum,
7/26/2005,Diane Lane,
7/27/2005,Bob Costas,
7/28/2005,Maggie Gyllenhaal,
8/2/2005,Senator Joe Biden,
8/3/2005,John Crawford,
8/4/2005,Miles O'Brien,
8/8/2005,Paul Rudd,
8/9/2005,Kate Hudson,
8/10/2005,John Hockenberry,
8/11/2005,Andre Benjamin,
8/15/2005,Steve Carell,
8/16/2005,Seymour Hersh,
8/17/2005,John Irving,
8/18/2005,John Richardson,
8/22/2005,Chris Wallace,
8/23/2005,Rachel Weisz,
8/24/2005,Sen. Trent Lott,
8/25/2005,Christopher Hitchens,
9/6/2005,Dr. Marc Siegel,
9/7/2005,Samuel L. Jackson,
9/8/2005,Brian Williams,
9/12/2005,Evolution Schmevolution: A Daily Show Special Report - Day 1,
9/13/2005,Evolution Schmevolution: A Daily Show Special Report - Day 2,
9/14/2005,Evolution Schmevolution: A Daily Show Special Report - Day 3,
9/15/2005,Evolution Schmevolution: A Daily Show Special Report - Day 4,
9/20/2005,Alan Alda,
9/21/2005,Ricky Gervais,
9/22/2005,George Clooney,
9/26/2005,Dr. Irwin Redlener,
9/27/2005,Viggo Mortensen,
9/28/2005,Jeff Garlin,
9/29/2005,Sen. Chuck Schumer,
10/3/2005,David Rakoff,
10/4/2005,Cameron Diaz,
10/5/2005,Senator John Edwards,
10/6/2005,Philip Seymour Hoffman,
10/17/2005,Dolly Parton,
10/18/2005,Bill O'Reilly,
10/19/2005,Louis Freeh,
10/20/2005,Dwayne “The Rock” Johnson,
10/24/2005,Bill Kristol,
10/25/2005,Al Franken,
10/26/2005,Doris Kearns Goodwin,
10/27/2005,Janis Karpinski,
10/31/2005,D.L. Hughley,
11/1/2005,Sen. Barbara Boxer,
11/2/2005,Mike Wallace,
11/3/2005,Robert Ray,
11/7/2005,Sen. Barack Obama,
11/8/2005,Sen. John McCain,
11/9/2005,Keira Knightley,
11/10/2005,Chris Elliott,
11/14/2005,Martha Stewart,
11/15/2005,Rosario Dawson,
11/16/2005,John Hodgman,
11/17/2005,Richard Clarke,
11/28/2005,Adrien Brody,
11/29/2005,Peggy Noonan,
11/30/2005,Nancy Pelosi,
12/1/2005,The White Stripes,
12/5/2005,President Jimmy Carter,
12/6/2005,Michelle Yeoh,
12/7/2005,David McCullough,
12/8/2005,Ken Auletta,
12/13/2005,Howard Stern,
12/14/2005,Tom Brokaw,
12/15/2005,Sarah Jessica Parker,
1/4/2006,George Packer,
1/5/2006,Pierce Brosnan,
1/9/2006,James Risen,
1/10/2006,Albert Brooks,
1/11/2006,Peter Bergen,
1/12/2006,Edward Lazarus,
1/16/2006,Eugene Jarecki,
1/17/2006,L. Paul Bremer,
1/18/2006,James Woolsey,
1/19/2006,Josh Lucas,
1/23/2006,Fred Barnes,
1/24/2006,Reza Aslan,
1/25/2006,Anthony Hopkins,
1/26/2006,Bernard-Henri Levy,
1/30/2006,Randy Jackson,
1/31/2006,Charles Barkley,
2/1/2006,Michael Beschloss,
2/2/2006,"Robert O'Harrow, Jr.",
2/7/2006,Torie Clarke,
2/8/2006,Harrison Ford,
2/9/2006,Will Arnett,
2/13/2006,Mike Mullane,
2/14/2006,Peter Tertzakian,
2/15/2006,Julianne Moore,
2/16/2006,Ed Harris,
2/21/2006,Sarah Vowell,
2/22/2006,Matthew Fox,
2/23/2006,Roger Ebert,
3/7/2006,Eugene Linden,
3/8/2006,Neil Young,
3/9/2006,Bruce Bartlett,
3/13/2006,Eric Burns,
3/14/2006,Bart Ehrman,
3/15/2006,Natalie Portman,
3/16/2006,Vin Diesel,
3/20/2006,Clive Owen,
3/21/2006,General Georges Sada,
3/22/2006,Senator Russ Feingold,
3/23/2006,Michael Mandelbaum,
3/27/2006,Michael Gordon,
3/28/2006,Fareed Zakaria,
3/29/2006,Queen Latifah,
3/30/2006,Sharon Stone,
4/3/2006,Ricky Gervais,
4/4/2006,Studs Terkel,
4/5/2006,Gen. Tony Zinni,
4/6/2006,Josh Hartnett,
4/17/2006,Jon Meacham,
4/18/2006,Ryan Nerz,
4/19/2006,Dennis Quaid,
4/20/2006,Sen. Ted Kennedy,
4/24/2006,Efraim Halevy,
4/25/2006,Tom Selleck,
4/26/2006,Kimberley Strassel,
4/27/2006,Robin Williams,
5/1/2006,Matthew Continetti,
5/2/2006,Madeleine Albright,
5/3/2006,Clark Kent Ervin,
5/4/2006,John Malkovich,
5/8/2006,David Remnick,
5/9/2006,Eric Shawn,
5/10/2006,Billy Connolly,
5/11/2006,Francis Fukuyama,
5/15/2006,Howard Dean,
5/16/2006,Denis Leary,
5/17/2006,Ramesh Ponnuru,
5/18/2006,Willie Nelson,
6/5/2006,Caroline Kennedy,
6/6/2006,Bill Bennett,
6/7/2006,Bonnie Hunt,
6/8/2006,Lily Tomlin,
6/12/2006,Thomas Friedman,
6/13/2006,Ken Mehlman,
6/14/2006,Tim Russert,
6/15/2006,Louis C.K.,
6/19/2006,Calvin Trillin,
6/20/2006,Juliet Eilperin,
6/21/2006,Anderson Cooper,
6/22/2006,Adam Sandler,
6/26/2006,Lance Armstrong,
6/27/2006,Helen Thomas,
6/28/2006,Al Gore,
6/29/2006,Kevin Spacey,
7/10/2006,Illario Pantano,
7/11/2006,John Dean,
7/12/2006,Shawn Wayans,
7/13/2006,Owen Wilson,
7/17/2006,Gordon Chang,
7/18/2006,M. Night Shyamalan,
7/19/2006,James Maguire,
7/20/2006,Paul Giamatti,
7/24/2006,Senator John McCain,
7/25/2006,Ed Burns,
7/26/2006,Sharon Weinberger,
7/27/2006,Dr. Alon Ben-Meir,
7/31/2006,Will Ferrell,
8/1/2006,Vali Nasr,
8/2/2006,Chris Paine,
8/3/2006,Danny DeVito,
8/8/2006,Brian Williams,
8/9/2006,Craig Glenday,
8/10/2006,Dale Earnhardt Jr.,
8/14/2006,Thomas E. Ricks,
8/15/2006,Samuel L. Jackson,
8/16/2006,Thomas Kean,
8/17/2006,Matt Dillon,
8/21/2006,Reza Aslan,
8/22/2006,William Cohen,
8/23/2006,Frederick Lane,
8/24/2006,Martin Short,
9/11/2006,Maggie Gyllenhaal,
9/12/2006,Gary Hart,
9/13/2006,Ed Gillespie,
9/14/2006,Norm MacDonald,
9/18/2006,Bill Clinton,
9/19/2006,Ben Affleck,
9/20/2006,Johnny Knoxville,
9/21/2006,CC Goldwater,
9/25/2006,Pat Buchanan,
9/26/2006,Pervez Musharraf,
9/27/2006,Al Franken,
9/28/2006,Jim McGreevey,
10/2/2006,Trent Lott,
10/3/2006,Dennis Miller,
10/4/2006,Ian Bremmer,
10/5/2006,David Rakoff,
10/9/2006,James Baker,
10/10/2006,David Cross,
10/11/2006,Lou Dobbs,
10/12/2006,David Mark,
10/16/2006,Frank Rich,
10/17/2006,Amy Sedaris,
10/18/2006,John Ashcroft,
10/19/2006,Kirsten Dunst,
10/30/2006,LeBron James,
10/31/2006,John Meuller,
11/1/2006,Midwest Midterm Midtacular,
11/2/2006,Sacha Baron Cohen,
11/6/2006,Jerry Seinfeld,
11/7/2006,Indesion 2006 Election Night,
11/8/2006,Howard Dean,
11/9/2006,Dustin Hoffman,
11/13/2006,Tina Fey,
11/14/2006,John Edwards,
11/15/2006,Ted Koppel,
11/16/2006,Muhammad Yumus,
11/27/2006,Rahm Emanuel,
11/28/2006,Tom Waits,
11/29/2006,George Clooney,
11/30/2006,Tenacious D,
12/4/2006,Nathan Lane,
12/5/2006,Sen. John Danforth,
12/6/2006,Eve Herold,
12/7/2006,Ed Viesturs,
12/11/2006,Sen. Lincoln Chafee,
12/12/2006,Fareed Zakaria,
12/13/2006,Ricky Gervais,
12/14/2006,Rajiv Chandraeskaran,
12/18/2006,Gov. Tom Vilsack,
12/19/2006,Bill Kristol,
12/20/2006,Ben Stiller,
1/8/2007,Louis C.K.,
1/9/2007,Harry Frankfurt,
1/10/2007,Gov. Mike Huckabee,
1/11/2007,Peter O'Toole,
1/15/2007,Josh Bernstein,
1/16/2007,Michael Oren,
1/17/2007,Jerry Rice,
1/18/2007,Robin Wright Penn,
1/22/2007,Gen. Rupert Smith,
1/23/2007,Terry McAuliffe,
1/24/2007,Scott McClellan,
1/25/2007,Sen. Charles Schumer,
1/29/2007,Bill Gates,
1/30/2007,Neil deGrasse Tyson,
1/31/2007,Sen. Joe Biden,
2/1/2007,Sienna Miller,
2/5/2007,Walter Scheib,
2/6/2007,Mike Rowe,
2/7/2007,Ralph Nader,
2/8/2007,John Mellencamp,
2/12/2007,Jeffrey Rosen,
2/13/2007,Christopher Horner,
2/14/2007,Ishmael Beah,
2/15/2007,Meredith Vieria,
2/26/2007,Craig Newmark,
2/27/2007,John Amaechi,
2/28/2007,Jake Gyllenhaal,
3/1/2007,Sam Sheridan,
3/5/2007,Bob Woodruff,
3/6/2007,Dr. Richard Jadick,
3/7/2007,Wynton Marsalis,
3/8/2007,Dr. Sharon Moalem,
3/12/2007,Senator Chris Dodd,
3/13/2007,John Waters,
3/14/2007,Zbigniew Brzezinski,
3/15/2007,Sandra Bullock,
3/19/2007,Stephen Prothero,
3/20/2007,John Bolton,
3/21/2007,Chris Hansen,
3/22/2007,Don Cheadle,
3/26/2007,Senator John Kerry,
3/27/2007,Dennis Miller,
3/28/2007,Bill Richardson,
3/29/2007,Philip Zimbardo,
4/9/2007,Bill Bradley,
4/10/2007,Walter Isaacson,
4/11/2007,Halle Berry,
4/12/2007,Richard Preston,
4/16/2007,Andrew Card,
4/17/2007,Sig Hansen,
4/18/2007,Ali Allawi,
4/19/2007,Jeremy Scahill,
4/23/2007,Matt Cooper,
4/24/2007,Senator John McCain,
4/25/2007,Garry Shandling,
4/26/2007,Richard Gere,
4/30/2007,Christopher Hitchens,
5/1/2007,Tobey Maguire,
5/2/2007,Pierre Rehov,
5/3/2007,Ted Koppel,
5/7/2007,Lee Gutkind,
5/8/2007,George Tenet,
5/9/2007,Michael Beschloss,
5/10/2007,Reza Aslan,
5/14/2007,Jeremy Paxman,
5/15/2007,Tim Russert,
5/16/2007,Don Rickles,
5/17/2007,Brink Lindsey,
5/21/2007,Zaki Chehab,
5/22/2007,Margaret Spellings,
5/23/2007,Lt. Col. Kevin Robbins,
5/24/2007,Al Gore,
6/4/2007,Rep. Ron Paul,
6/5/2007,Paul Rudd,
6/6/2007,Michael Barone,
6/7/2007,Eddie Izzard,
6/11/2007,David Steinberg,
6/12/2007,Bob Shrum,
6/13/2007,Allan Brandt,
6/14/2007,Angelina Jolie,
6/18/2007,Steve Carell,
6/19/2007,Brian Williams,
6/20/2007,Fareed Zakaria,
6/21/2007,Greg Bear,
6/25/2007,Steve Vogel,
6/26/2007,Bruce Willis,
6/27/2007,Michael Moore,
6/28/2007,Claire Danes,
7/16/2007,Josh Rushing,
7/17/2007,Christopher Walken,
7/18/2007,Matt Groening,
7/19/2007,Adam Sandler,
7/23/2007,Neil deGrasse Tyson,
7/24/2007,Robert Pallitto,
7/25/2007,Rob Gifford,
7/26/2007,Robert Dallek,
7/30/2007,Alastair Campbell,
7/31/2007,Lewis Gordon Pugh,
8/1/2007,Jed Babbin,
8/2/2007,Matt Damon,
8/7/2007,Andy Samberg,
8/8/2007,Sen. Joe Biden,
8/9/2007,Tal Ben-Shahar,
8/13/2007,Bill Kristol,
8/14/2007,Denis Leary,
8/15/2007,Stephen F. Hayes,
8/16/2007,Sen. John McCain,
8/20/2007,Nikolas Kozloff,
8/21/2007,Alan Weisman,
8/22/2007,Sen. Barack Obama,
8/23/2007,Lt. Col. John Nagl,
9/10/2007,Jeff Garlin,
9/11/2007,Jodie Foster,
9/12/2007,Robert Draper,
9/13/2007,Douglas Farah,
9/18/2007,Alan Greenspan,
9/19/2007,Gen. Wesley Clark,
9/20/2007,Bill Clinton,
9/24/2007,John Bowe,
9/25/2007,Evo Morales,
9/26/2007,Jamie Foxx,
9/27/2007,Ken Burns,
10/1/2007,Jack Cafferty,
10/2/2007,Chris Matthews,
10/3/2007,Ted Koppel,
10/4/2007,Jack Goldsmith,
10/8/2007,Vicente Fox,
10/9/2007,Tiki Barber,
10/10/2007,Lynne Cheney,
10/11/2007,Howard Kurtz,
10/15/2007,Tony Snow,
10/16/2007,Meryl Streep,
10/17/2007,Jake Gyllenhaal,
10/18/2007,Ben Affleck,
10/29/2007,Michael Gerson,
10/30/2007,Valerie Plame Wilson,
10/31/2007,David Wright,
11/1/2007,Jerry Seinfeld,
1/7/2008,Ronald Seeber,
1/8/2008,David Frum,
1/9/2008,John Zogby,
1/10/2008,Lou Dobbs,
1/14/2008,Fareed Zakaria,
1/15/2008,Amb. John Bolton,
1/16/2008,Jonah Goldberg,
1/17/2008,Allen Raymond,
1/21/2008,Jon Meacham,
1/22/2008,Jim Wallis,
1/23/2008,P.J. O'Rourke,
1/24/2008,Gerri Willis,
1/28/2008,Phil Simms,
1/29/2008,Doris Kearns Goodwin,
1/30/2008,Peggy Noonan,
1/31/2008,Karen Tumulty,
2/4/2008,Tim Gunn,
2/5/2008,Chris Wallace,
2/6/2008,Tom Brokaw,
2/7/2008,Laton McCartney,
2/11/2008,Philip Shenon,
2/12/2008,Bill Kristol,
2/13/2008,Mark Siegel,
2/14/2008,Lee Siegel,
2/26/2008,Madeleine Albright,
2/27/2008,Allen Guelzo,
2/28/2008,Brian Williams,
3/3/2008,Hillary Clinton,
3/4/2008,Ralph Nader,
3/5/2008,Martin Fletcher,
3/6/2008,Sen. Tom Daschle,
3/10/2008,Lt. Gen. William B. Caldwell,
3/11/2008,Grover Norquist,
3/12/2008,Ronald Kessler,
3/13/2008,Dana Perino,
3/17/2008,Brian Fagan,
3/18/2008,Jeffrey Sachs,
3/19/2008,Sen. Arlen Specter,
3/20/2008,Alex Kingsbury,
3/31/2008,Sen. Chuck Hagel,
4/1/2008,Simon LeVay,
4/2/2008,William Safire,
4/3/2008,George Clooney,
4/7/2008,Nathan Lane,
4/8/2008,Cokie Roberts,
4/9/2008,Steve Coll,
4/10/2008,Aram Roston,
4/14/2008,Judd Apatow,
4/15/2008,Jack Goldsmith,
4/16/2008,Peter Steinfels,
4/17/2008,Uma Thurman,
4/21/2008,Sen. Barack Obama,
4/22/2008,John Waters,
4/23/2008,Howard Fineman,
4/24/2008,Colin Firth,
4/28/2008,Jimmy Carter,
4/29/2008,Newt Gingrich,
4/30/2008,Robert Schlesinger,
5/1/2008,Howard Dean,
5/5/2008,Sen. Harry Reid,
5/6/2008,Fareed Zakaria,
5/7/2008,John McCain,
5/8/2008,David D. Perlmutter,
5/12/2008,Douglas J. Feith,
5/13/2008,Bill Moyers,
5/14/2008,John Harwood,
5/15/2008,Denis Leary,
5/27/2008,Matt Taibbi,
5/28/2008,Fred Burton,
5/29/2008,Richard Clark,
6/2/2008,Scott McClellan,
6/3/2008,David Sedaris,
6/4/2008,Barbara Walters,
6/5/2008,Adam Sandler,
6/9/2008,Sen. Jim Webb,
6/10/2008,Ralph Reed,
6/11/2008,Rick Shenkman,
6/12/2008,Richard Engel,
6/16/2008,David Iglesis,
6/17/2008,Lara Logan,
6/18/2008,Steve Carell,
6/19/2008,Mike Myers,
6/23/2008,James McAvoy,
6/24/2008,James Harding,
6/25/2008,Coldplay,
6/26/2008,Ted Koppel,
7/14/2008,Andrew Ward,
7/15/2008,Pierce Brosnan,
7/16/2008,Kenneth Pollack,
7/17/2008,Maggie Gyllenhaal,
7/21/2008,Richard Bitner,
7/22/2008,Will Ferrell & John C. Reilly,
7/23/2008,T.J. English,
7/24/2008,Geo Beach,
7/28/2008,Nancy Pelosi,
7/29/2008,Bill Bishop,
7/30/2008,Ben Wattenberg,
7/31/2008,Brian Williams,
8/4/2008,Dennis Hopper,
8/5/2008,Seth Rogan,
8/6/2008,Sen. Chuck Schumer,
8/7/2008,David Gregory,
8/11/2008,Ron Suskind,
8/12/2008,Sen. Mel Martinez,
8/13/2008,Philip Pan,
8/14/2008,Ben Stiller,
8/26/2008,Guess Who's Coming to Denver pt.1 (Gov. Tim Kaine),
8/27/2008,Guess Who's Coming to Denver pt.2 (Howard Dean),
8/28/2008,Evan Bayh,
8/29/2008,Barack Obamas Acceptance Speech,
9/2/2008,Brian Williams,
9/3/2008,Newt Gingrich,
9/4/2008,Mike Huckabee,
9/5/2008,Senator McCains Acceptance Speech,
9/15/2008,Barton Gellman,
9/16/2008,Ricky Gervais,
9/17/2008,Charlize Theron,
9/18/2008,Tony Blair,
9/23/2008,Bill Clinton,
9/24/2008,Aaron Eckhart,
9/25/2008,Bob Schieffer,
9/29/2008,Hooman Majd,
9/30/2008,Bill Maher,
10/1/2008,Peggy Noonan,
10/2/2008,Clint Eastwood,
10/6/2008,Tim Robbins,
10/7/2008,Sarah Vowell,
10/8/2008,Michelle Obama,
10/9/2008,Robert De Niro,
10/13/2008,Amity Shlaes,
10/14/2008,Ari Fleischer,
10/15/2008,Richard Lewis,
10/16/2008,Robert Reich,
10/20/2008,Eugene Jarecki,
10/21/2008,Christopher Buckley,
10/22/2008,Tom Brokaw,
10/23/2008,Gov. Jon Corzine,
10/27/2008,Campbell Brown,
10/28/2008,Steve Martin,
10/29/2008,Senator Barack Obama,
10/30/2008,Bill Kristol,
11/3/2008,Doris Kearns Goodwin,
11/4/2008,Indecision 2008: America's Choice,
11/5/2008,Chris Wallace,
11/6/2008,Paul Rudd,
11/11/2008,Thomas Friedman,
11/12/2008,T. Boone Pickens,
11/13/2008,Bill O'Reilly,
11/17/2008,Sir David Frost.,
11/18/2008,Denis Leary,
11/19/2008,Jon Meacham,
11/20/2008,Richard Belzer,
12/1/2008,Anne Hathaway,
12/2/2008,Calvin Trillin,
12/3/2008,Arianna Huffington,
12/4/2008,Ron Howard,
12/8/2008,Matthew Alexander,
12/9/2008,Mike Huckabee,
12/10/2008,Don Rickles,
12/11/2008,Philip Seymour Hoffman,
1/5/2009,David Gregory,
1/6/2009,Michael Wolff,
1/7/2009,Rachel Maddow,
1/8/2009,Dana Perino,
1/12/2009,Maxwell Kennedy,
1/13/2009,Daniel Craig,
1/14/2009,Fareed Zakaria,
1/15/2009,Bethany McLean,
1/19/2009,Abderrahim Foukara,
1/20/2009,Bishop Gene Robinson,
1/21/2009,David Sanger,
1/22/2009,Liam Neeson,
1/26/2009,President Jimmy Carter,
1/27/2009,Gwen Ifill,
1/28/2009,Neil DeGrasse Tyson,
1/29/2009,P.W. Singer,
2/2/2009,Lawrence Lindsey,
2/3/2009,Dev Patel,
2/4/2009,Karen Greenberg,
2/5/2009,Randall Balmer,
2/9/2009,Walter Isaacson,
2/10/2009,Thomas Ricks,
2/11/2009,Daniel Sperling,
2/12/2009,John Sununu,
2/23/2009,Jeff Bezos,
2/24/2009,Ricky Gervais,
2/25/2009,Tom Selleck,
2/26/2009,Brian Williams,
3/2/2009,Harold Varmus,
3/3/2009,Sandra Day O'Connor,
3/4/2009,Joe Nocera,
3/5/2009,Billy Crudup,
3/9/2009,Nathaniel Frank,
3/10/2009,Craig Mullaney,
3/11/2009,Paul Rudd,
3/12/2009,Jim Cramer,
3/12/2009,Jim Cramer Interview (Extended),
3/16/2009,Gen. Richard B. Myers,
3/17/2009,Ian McShane,
3/18/2009,Nandan Nilekani,
3/19/2009,Bruce Springsteen,
3/30/2009,Jack Cafferty,
3/31/2009,Seth Rogen,
4/1/2009,Peter Orszag,
4/2/2009,Tom Zoellner,
4/6/2009,Michael J. Fox,
4/7/2009,Jehan Sadat,
4/8/2009,Nancy Pelosi,
4/9/2009,William Cohan,
4/14/2009,Ron Darling,
4/15/2009,Elizabeth Warren,
4/16/2009,Ben Affleck,
4/20/2009,Reza Aslan,
4/21/2009,Ellen Johnson Sirleaf,
4/22/2009,Philip Alcabes,
4/23/2009,Richard Beeman,
4/27/2009,Christine Lagarde,
4/28/2009,Cliff May,
4/29/2009,Doris Kearns Goodwin,
4/30/2009,Hugh Jackman,
5/4/2009,Denis Leary,
5/5/2009,Fareed Zakaria,
5/6/2009,George Stephanopoulos,
5/7/2009,Ken Salazar,
5/11/2009,Frank Partnoy,
5/12/2009,Tom Hanks,
5/13/2009,Husain Haqqani,
5/14/2009,Lisa P. Jackson,
5/18/2009,Sarah Fisher,
5/19/2009,Newt Gingrich,
5/20/2009,Elizabeth Edwards,
5/21/2009,Larry King,
6/1/2009,Bob Woodruff,
6/2/2009,P.J. O'Rourke,
6/3/2009,Michael Lewis,
6/4/2009,Will Ferrell,
6/8/2009,Gretchen Peters,
6/9/2009,Peter Schiff,
6/10/2009,Saad Mohseni,
6/11/2009,Katie Couric,
6/15/2009,Ed Helms,
6/16/2009,Tom Folsom,
6/17/2009,Peter Laufer,
6/18/2009,Mike Huckabee,
6/22/2009,Crisis in Iran,
6/23/2009,Larry David,
6/24/2009,Reza Aslan,
6/25/2009,Cameron Diaz,
6/29/2009,Dr. Oliver Sacks,
6/30/2009,Mike Kim,
7/1/2009,Justin Fox,
7/2/2009,Robert Kenner,
7/13/2009,Barney Frank,
7/14/2009,Peter Mancall,
7/15/2009,Kathleen Sebelius,
7/16/2009,Robert Glennon,
7/20/2009,Brian Williams,
7/21/2009,Steven Chu,
7/22/2009,Kevin Nealon,
7/23/2009,Sally Jenkin,
7/27/2009,Bill Kristol,
7/28/2009,Spinal Tap,
7/29/2009,John Bolton,
7/30/2009,Judd Apatow,
8/3/2009,Ronald Kessler,
8/4/2009,Henry Waxman,
8/5/2009,Paul Giamatti,
8/6/2009,Dara Torres,
8/10/2009,Douglas Brinkley,
8/11/2009,Austan Goolsbee,
8/12/2009,Jeff Sharlet,
8/13/2009,Rachel McAdams,
8/17/2009,David Cross,
8/18/2009,Christopher McDougall,
8/19/2009,Tim Gunn,
8/20/2009,Betsy McCaughey,
9/14/2009,LeBron James,
9/15/2009,Matt Damon,
9/16/2009,Ricky Gevais,
9/17/2009,Bill Clinton,
9/22/2009,Vali Nasr,
9/23/2009,Tom Ridge,
9/24/2009,Former Gov. Rod Blagojevich,
9/28/2009,Bruce Bueno De Mesquita,
9/29/2009,Ron Paul,
9/30/2009,Jon Krakauer,
10/1/2009,Joy Behar,
10/5/2009,Sarah Vowell,
10/6/2009,Ray Mabus,
10/7/2009,William Kamkwamba,
10/8/2009,David Gregory,
10/12/2009,Janet Napolitano,
10/13/2009,Chesley Sullenberger,
10/14/2009,Barbara Ehrenreich,
10/15/2009,Jennifer Burns,
10/26/2009,Susie Essman,
10/27/2009,Steven D. Levitt,
10/28/2009,"Dr. Mustafa Barghouti, Anna Baltzer",
10/29/2009,Wanda Sykes,
11/2/2009,Bob Menendez,
11/3/2009,David Plouffe,
11/4/2009,Al Gore,
11/5/2009,Susan Rice,
11/9/2009,Sen. Christopher Bond,
11/10/2009,Serena Williams,
11/11/2009,Clarence Clemons,
11/12/2009,Dr. Jane Goodall,
11/16/2009,Jake Adelstein,
11/17/2009,Vice President Joe Biden,
11/18/2009,Lou Dobbs,
11/19/2009,Jack's Mannequin,
11/30/2009,Maziar Bahari,
12/1/2009,Thomas Friedman,
12/2/2009,Lance Armstrong,
12/3/2009,Michael Specter,
12/7/2009,Dan Rather,
12/8/2009,Mike Huckabee,
12/9/2009,Andrew Ross Sorkin,
12/10/2009,Gwen Ifill,
12/14/2009,Sigourney Weaver,
12/15/2009,Ray LaHood,
12/16/2009,Hugh Grant,
1/4/2010,Michael Pollan,
1/5/2010,George Lucas,
1/6/2010,Admn. Mike Mullen,
1/7/2010,Maggie Gyllenhaal,
1/11/2010,John Yoo,
1/12/2010,Paul Ingrassia,
1/13/2010,Ringo Starr & the Ben Harper Band,
1/14/2010,Tom Brokaw,
1/18/2010,David M. Walker,
1/19/2010,Colin Firth,
1/20/2010,Jim Wallis,
1/21/2010,Julie Andrews,
1/25/2010,Bill Gates,
1/26/2010,Elizabeth Warren,
1/27/2010,Ethan Watters,
1/28/2010,Doris Kearns Goodwin,
2/1/2010,Austan Goolsbee,
2/2/2010,Brian Williams,
2/3/2010,Atul Gawande,
2/4/2010,Rep. Anthony Weiner,
2/8/2010,Jenny Sanford,
2/9/2010,Newt Gingrich,
2/10/2010,Willie Mays,
2/11/2010,Lee Daniels,
2/22/2010,Ricky Gervais,
2/23/2010,Jeff Garlin,
2/24/2010,Tracy Morgan,
2/25/2010,Rep. James Clyburn,
3/1/2010,Neil DeGrasse Tyson,
3/2/2010,Robert Pattinson,
3/3/2010,Lynne Olson,
3/4/2010,Scott Patterson,
3/8/2010,Harry Markopolos,
3/9/2010,Marc Thiessen,
3/10/2010,Jerry Seinfeld,
3/11/2010,Eamon Javers,
3/15/2010,Michael Lewis,
3/16/2010,Jude Law,
3/17/2010,Snoop Dogg,
3/18/2010,Gary Locke,
3/29/2010,Ben Stiller,
3/30/2010,Robin Williams,
3/31/2010,Roxana Saberi,
4/1/2010,Liz Claman,
4/5/2010,Reza Aslan,
4/6/2010,Capt. Richard Phillips,
4/7/2010,Steve Carell,
4/8/2010,David Remnick,
4/12/2010,Bryan Cranston,
4/13/2010,Rachel Maddow,
4/14/2010,Richard R. Burt,
4/15/2010,Tracy Morgan,
4/19/2010,Rep John Dingell,
4/20/2010,John O'Hara,
4/21/2010,Fred Pearce,
4/22/2010,Zoe Saldana,
4/26/2010,Lisa P Jackson,
4/27/2010,Richard Whittle,
4/28/2010,Ken Blackwell,
4/29/2010,Michael Caine,
5/3/2010,Jonathan Eig,
5/4/2010,Rosalynn Carter,
5/5/2010,Jon Meacham,
5/6/2010,Mario Batali,
5/10/2010,Jack Rakove,
5/11/2010,Sebastian Junger,
5/12/2010,Michael Patrick King,
5/13/2010,Ian Bremmer,
6/1/2010,Arthur Brooks,
6/2/2010,Morgan Freeman,
6/3/2010,Jonah Hill,
6/7/2010,John C Reilly,
6/8/2010,Christopher Hitchens,
6/9/2010,Spencer Wells,
6/10/2010,Gov. Tim Pawlenty,
6/14/2010,Betty White,
6/15/2010,James Tabor,
6/16/2010,Louis C.K.,
6/17/2010,Fred Thompson,
6/21/2010,Josh Fox,
6/22/2010,Cameron Diaz,
6/23/2010,Connie Mariano,
6/24/2010,Adam Sandler & Chris Rock,
6/28/2010,David Axelrod,
6/29/2010,Helen Mirren,
6/30/2010,Landon Donovan & Bob Bradley,
7/1/2010,Jere Van Dyk,
7/5/2010,Denis Leary,
7/6/2010,Julianne Moore,
7/7/2010,Daniel Okrent,
7/8/2010,Marilynne Robinson,
7/26/2010,William Rosen,
7/27/2010,Fareed Zakaria,
7/28/2010,Robert O'Connell,
7/29/2010,Liev Schreiber,
8/2/2010,Mary Roach,
8/3/2010,Will Ferrell,
8/4/2010,Bruce Henderson,
8/5/2010,Akbar Ahmed,
8/10/2010,Jason Bateman,
8/11/2010,Laura Linney,
8/12/2010,Arcade Fire,
8/16/2010,Emma Thompson,
8/17/2010,Dick Armey,
8/18/2010,Edward Kohn,
8/19/2010,Jennifer Aniston,
8/23/2010,Rod Blagojevich,
8/24/2010,Brian Williams,
8/25/2010,Drew Barrymore,
8/26/2010,Michael Bloomberg,
9/7/2010,Tim Gunn,
9/8/2010,Tim Kaine,
9/9/2010,Meghan McCain,
9/13/2010,Ben Affleck,
9/14/2010,Tony Blair,
9/15/2010,Jon Hamm,
9/16/2010,Bill Clinton,
9/20/2010,Jimmy Carter,
9/21/2010,Sigourney Weaver,
9/22/2010,Edward Norton,
9/23/2010,His Majesty King Abdullah II,
9/27/2010,Bill O'Reilly,
9/28/2010,Arianna Huffington,
9/29/2010,Linda Polman,
9/30/2010,Justin Timberlake,
10/4/2010,Sam Harris,
10/5/2010,Bruce Willis,
10/6/2010,Philip Dray,
10/7/2010,Naomi Watts,
10/11/2010,Johnny Knoxville,
10/12/2010,Eric Cantor,
10/13/2010,Condoleezza Rice,
10/14/2010,David Rakoff,
10/25/2010,Austan Goolsbee,
10/26/2010,Ted Kaufman,
10/27/2010,Barack Obama,
10/28/2010,Washington Recap,
10/30/2010,Rally To Restore Sanity And Or Fear,
11/1/2010,Zach Galifianakis,
11/2/2010,Michael Beschloss,
11/3/2010,Chris Wallace,
11/4/2010,David Sedaris,
11/8/2010,Rick Perry,
11/9/2010,Harrison Ford,
11/10/2010,Mick Foley,
11/11/2010,Rosario Dawson,
11/15/2010,Marion Jones,
11/16/2010,Bethany McLean,
11/17/2010,Jay-Z,
11/18/2010,Philip K. Howard,
11/29/2010,Judah Friedlander,
11/30/2010,Susan Casey,
12/1/2010,Sting,
12/2/2010,Stacey Schiff,
12/6/2010,Hugh Shelton,
12/7/2010,Seth Green,
12/8/2010,Michelle Williams,
12/9/2010,Edmund Morris,
12/13/2010,Gordon Brown,
12/14/2010,Ricky Gervais,
12/15/2010,Paul Rudd,
12/16/2010,Mike Huckabee,
1/3/2011,Paul Giamatti,
1/4/2011,Senator Kirsten Gillibrand,
1/5/2011,Jimmy Wales,
1/6/2011,Patton Oswalt,
1/10/2011,Denis Leary,
1/11/2011,Colin Firth,
1/12/2011,Tim Pawlenty,
1/13/2011,Ron Howard,
1/17/2011,Peter Bergen,
1/18/2011,Neil deGrasse Tyson,
1/19/2011,Paul Clemens,
1/20/2011,Kambiz Hosseini & Saman Arbabi,
1/24/2011,Anand Giridharadas,
1/25/2011,James Franco,
1/26/2011,Jonathan Alter,
1/27/2011,T. Boone Pickens,
1/31/2011,Bill Gates,
2/1/2011,Michael Steele,
2/2/2011,Matthew Perry,
2/3/2011,Admiral Michael Mullen,
2/14/2011,Edward Glaeser,
2/15/2011,January Jones,
2/16/2011,Brian Williams,
2/17/2011,Ed Gillespie,
2/21/2011,Lisa Ling,
2/22/2011,Anderson Cooper,
2/23/2011,Donald Rumsfeld,
2/24/2011,Austan Goolsbee,
2/28/2011,Howard Stern,
3/1/2011,Prince Zeid Ra'ad,
3/2/2011,Allison Stanger,
3/3/2011,Diane Ravitch,
3/7/2011,Rand Paul,
3/8/2011,Brian Christian,
3/9/2011,Aaron Eckhart,
3/10/2011,Trey Parker & Matt Stone,
3/21/2011,Sarah Vowell,
3/22/2011,T.J. English,
3/23/2011,Richard Lewis,
3/24/2011,Bret Baier,
3/28/2011,Dr. Mansour O.El-Kikhia,
3/29/2011,Miguel Nicoleles,
3/30/2011,Jake Gyllenhaal,
3/31/2011,Norm Macdonald,
4/4/2011,Billy Crystal,
4/5/2011,Colin Quinn,
4/6/2011,Mike Huckabee,
4/7/2011,Jamie Oliver,
4/11/2011,Foo Fighters,
4/12/2011,Governor Deval Patrick,
4/13/2011,Tracy Morgan,
4/14/2011,Ricky Gervais,
4/25/2011,Gigi Ibrahim,
4/26/2011,Elizabeth Warren,
4/27/2011,Bernie Sanders,
4/28/2011,William Cohan,
5/2/2011,Philip K. Howard,
5/3/2011,Rachel Maddow,
5/4/2011,David Barton,
5/5/2011,Joe Meacham,
5/9/2011,Keira Knightley,
5/10/2011,Will Ferrell,
5/11/2011,Albert Brooks,
5/12/2011,Kristen Wiig,
5/16/2011,Jon Ronson,
5/17/2011,Annie Jacobsen,
5/18/2011,Richard Beeman,
5/19/2011,Lisa P. Jackson,
5/31/2011,Jimmy Fallon,
6/1/2011,Bill Moyers,
6/2/2011,Tim Tebow,
6/6/2011,Maziar Bahari,
6/7/2011,Fareed Zakaria,
6/8/2011,Larry King,
6/9/2011,Howard Wasdin,
6/13/2011,Alex Prud'homme,
6/14/2011,J.J. Abrams,
6/15/2011,Trey Parker & Matt Stone,
6/20/2011,Ray Nagin,
6/21/2011,Cameron Diaz,
6/22/2011,Mitchell Zuckoff,
6/23/2011,Bruce Headlam,
6/27/2011,Jennifer Aniston,
6/28/2011,Louis C.K.,
6/29/2011,Tom Hanks,
6/30/2011,Bill Kristol,
7/11/2011,Denis Leary,
7/12/2011,Kid Rock,
7/13/2011,Matthew Richardson,
7/14/2011,Sgt. 1st Class Leroy Petry,
7/18/2011,Daniel Radcliffe,
7/19/2011,Pervez Musharraf,
7/20/2011,Steve Carell,
7/21/2011,Scott Miller,
7/25/2011,Neil Patrick Harris,
7/26/2011,Juan Williams,
7/27/2011,Rachel Weisz,
7/28/2011,Peter Tomsen,
8/1/2011,Freida Pinto,
8/2/2011,Jason Bateman,
8/3/2011,Austan Goolsbee,
8/4/2011,Dick Durbin,
8/8/2011,Mark Adams,
8/9/2011,Jay Bahadur,
8/10/2011,John Coffee,
8/11/2011,Michael Wallis,
8/15/2011,Ali Velshi,
8/16/2011,Matt Long,
8/17/2011,Michael Steele,
8/18/2011,Anne Hathaway,
9/6/2011,Buddy Roemer,
9/7/2011,Dr. Sanjay Gupta,
9/8/2011,Marion Cotillard,
9/12/2011,Mike Mullen,
9/13/2011,Jim Lehrer,
9/14/2011,Common,
9/15/2011,Caroline Kennedy,
9/20/2011,Ron Suskind,
9/21/2011,Mitch Daniels,
9/22/2011,Jennifer Granholm,
9/26/2011,Ron Paul,
9/27/2011,Seth Rogen,
9/28/2011,Bill O'Reilly,
9/29/2011,Tony Bennett,
10/3/2011,Thomas Friedman,
10/4/2011,Michael Lewis,
10/5/2011,Hugh Jackman,
10/6/2011,Jason Sudeikis,
10/17/2011,Ellen Schultz,
10/18/2011,Calvin Trillin,
10/19/2011,Al Sharpton,
10/20/2011,Richard Brookhiser,
10/24/2011,Kevin Clash,
10/25/2011,Walter Isaacson,
10/26/2011,Lisa Randall,
10/27/2011,Andrew Napolitano,
10/31/2011,Mindy Kaling,
11/1/2011,Condoleezza Rice,
11/2/2011,Tom Brokaw,
11/3/2011,Brad Paisley,
11/7/2011,Clint Eastwood,
11/8/2011,Bill Clinton,
11/9/2011,Nancy Pelosi,
11/10/2011,Adam Sandler,
11/14/2011,Leymah Gbowee,
11/15/2011,Mark Kelly,
11/16/2011,Diane Keaton,
11/17/2011,Martin Scorsese,
11/28/2011,Merrill Markoe,
11/29/2011,Betty White,
11/30/2011,Bono,
12/1/2011,Bob Costas,
12/5/2011,Ben Lowy,
12/6/2011,Jonah Hill,
12/7/2011,Ralph Fiennes,
12/8/2011,Ed Gillespie,
12/12/2011,Anne Burrell,
12/13/2011,Lawrence Lessig,
12/14/2011,Melody Barnes,
12/15/2011,Matt Damon,
1/3/2012,Charles Barkley,
1/4/2012,Elizabeth Dowling Taylor,
1/5/2012,Craig Shirley,
1/9/2012,George Lucas,
1/10/2012,Andrew Napolitano,
1/11/2012,Jim DeMint,
1/12/2012,Dolly Parton,
1/16/2012,Jodi Kantor,
1/17/2012,Liam Neeson,
1/18/2012,Joe Nocera,
1/19/2012,Elizabeth Banks,
1/23/2012,Kathleen Sebelius,
1/24/2012,Elizabeth Warren,
1/25/2012,Paula Broadwell,
1/26/2012,Tilda Swinton,
1/30/2012,Lou Dobbs,
1/31/2012,Jonathan Macey,
2/1/2012,Brad Pitt,
2/2/2012,David Agus,
2/13/2012,Ali Soufan,
2/14/2012,Ricky Gervais,
2/15/2012,Louise Slaughter,
2/16/2012,Arne Duncan,
2/20/2012,Alan Huffman & Michael Rejebian,
2/21/2012,Russ Feingold,
2/22/2012,Bruce Bartlett,
2/23/2012,Paul Rudd,
2/27/2012,Neil deGrasse Tyson,
2/28/2012,Stephen Merchant,
2/29/2012,Masha Gessen,
3/1/2012,M. Cathleen Kaveny,
3/5/2012,Shaun Donovan,
3/6/2012,Julianne Moore,
3/7/2012,Cecile Richards,
3/8/2012,Trita Parsi,
3/12/2012,Grover Norquist,
3/13/2012,Will Ferrell,
3/14/2012,Rachel Weisz,
3/15/2012,No Guest,
3/26/2012,Shaquille O'Neal,
3/27/2012,Maria Goodavage,
3/28/2012,Ahmed Rashid,
3/29/2012,Rachel Maddow,
4/2/2012,Mohamed Nasheed,
4/3/2012,Thomas C. Goldstein,
4/4/2012,Jack L. Goldsmith,
4/5/2012,Anthony Bourdain,
4/9/2012,Tim Weiner,
4/10/2012,Elon Musk,
4/11/2012,Ricky Gervais,
4/12/2012,Esperanza Spalding,
4/16/2012,Jane Goodall,
4/17/2012,Julia Louis-Dreyfus,
4/18/2012,Robert Reich,
4/19/2012,Judy Smith,
4/23/2012,Ben Rattray,
4/24/2012,Madeleine Albright,
4/25/2012,Jason Segel,
4/26/2012,Robert Draper,
4/30/2012,Zach Wahls,
5/1/2012,David Barton,
5/2/2012,Tom Coburn,
5/3/2012,Peter Bergen,
5/7/2012,Admiral General Aladeen,
5/8/2012,Ivo Daalder,
5/9/2012,John R. Hall,
5/10/2012,Robert Caro,
5/29/2012,Michelle Obama,
5/30/2012,Dan Rather,
5/31/2012,Jim Parsons,
6/4/2012,Thomas Mann & Norman Ornstein,
6/5/2012,Gary Johnson,
6/6/2012,Michael Fassbender,
6/7/2012,Edward Conard,
6/11/2012,Boris Johnson,
6/12/2012,Colin Powell,
6/13/2012,Maggie Gyllenhaal,
6/14/2012,Catherine Zeta-Jones,
6/18/2012,Parmy Olson,
6/19/2012,Denis Leary,
6/20/2012,Steve Carell,
6/21/2012,Bassem Youssef,
6/25/2012,Marco Rubio,
6/26/2012,Seth MacFarlane,
6/27/2012,Andrew Garfield,
6/28/2012,Tenacious D,
7/16/2012,Louis C.K.,
7/17/2012,Victor Cruz,
7/18/2012,Sigourney Weaver,
7/19/2012,E.J. Dionne,
7/23/2012,Fareed Zakaria,
7/24/2012,Matthew McConaughey,
7/25/2012,Joseph Stiglitz,
7/26/2012,Zach Galifianakis & Will Ferrell,
7/30/2012,Rashida Jones,
7/31/2012,Dambisa Moyo,
8/1/2012,Fred Guterl,
8/2/2012,Jessica Biel,
8/6/2012,Tim Gunn,
8/7/2012,Saima Wahab,
8/8/2012,Chris Rock,
8/9/2012,Joanna Brooks,
8/13/2012,Robert Pattinson,
8/14/2012,Misty May-Treanor,
8/15/2012,Brian Williams,
8/16/2012,Rob Corddry,
8/28/2012,Marco Rubio,
8/29/2012,Herman Cain,
8/30/2012,Michael Steele,
8/31/2012,GOP Convention 2012: Friday,
9/4/2012,Tom Brokaw,
9/5/2012,Kirsten Gillibrand,
9/6/2012,Austan Goolsbee,
9/7/2012,DNC Friday,
9/17/2012,Kofi Annan,
9/18/2012,Salman Rushdie,
9/19/2012,Pink,
9/20/2012,Bill Clinton,
9/24/2012,Special Edition - A Look Back at News Media,
9/25/2012,King Abdullah II,
9/26/2012,Olivia Wilde,
9/27/2012,Amar'e Stoudemire,
10/1/2012,Arnold Schwarzenegger,
10/2/2012,Liam Neeson,
10/3/2012,Rand Paul,
10/4/2012,Bill O'Reilly,
10/6/2012,The Rumble 2012: Jon Stewart vs. Bill O'Reilly,
10/8/2012,Pete Townshend,
10/9/2012,Ben Affleck,
10/10/2012,Magic Johnson,
10/11/2012,Paul Thomas Anderson,
10/15/2012,J. K. Rowling,
10/16/2012,Eugene Jarecki,
10/17/2012,Nate Silver,
10/18/2012,Barack Obama,
10/22/2012,D.L. Hughley,
10/23/2012,Gerard Butler,
10/24/2012,Dakota Meyer,
10/25/2012,Nancy Pelosi,
10/26/2012,Special Edition - A Look Back at Animals,
10/31/2012,Jon Ronson,
11/1/2012,Bob Woodruff,
11/2/2012,Special Edition - A Look Back at Voting,
11/5/2012,Martha Raddatz,
11/6/2012,Election Night 2012: This Ends Now,
11/7/2012,Nate Silver,
11/8/2012,Katie Dellamaggiore & Pobo Efekoro,
11/9/2012,Special Edition - A Look Back at Barack Obama,
11/12/2012,Mike Huckabee,
11/13/2012,Jason Sudeikis,
11/14/2012,Jon Meacham,
11/15/2012,Andrew Napolitano,
11/16/2012,Special Edition - A Look Back at Democalypse 2012,
11/26/2012,David Nasaw,
11/27/2012,Warren Buffett & Carol Loomis,
11/28/2012,Neil Young,
11/29/2012,Calvin Trillin,
11/30/2012,Special Edition - A Look Back at Food,
12/3/2012,Denis Leary,
12/4/2012,R.A. Dickey,
12/5/2012,Alan Simpson,
12/6/2012,Chris Christie,
12/7/2012,Special Edition - A Look Back at International Affairs,
12/10/2012,Bishop Gene Robinson,
12/11/2012,Laura Linney,
12/12/2012,Cory Booker,
12/13/2012,Kristen Stewart,
1/7/2013,Anne Hathaway,
1/8/2013,Gen. Stanley McChrystal,
1/9/2013,Jeff Bridges,
1/10/2013,Josh Brolin,
1/11/2013,Special Edition - A Look Back at Technology,
1/14/2013,Roger Waters,
1/15/2013,Bob Schieffer,
1/16/2013,Jessica Chastain,
1/17/2013,Lena Dunham,
1/18/2013,Special Edition - A Look Back at Guns,
1/21/2013,Sonia Sotomayor,
1/22/2013,Jennifer Lopez,
1/23/2013,Missy Cummings,
1/24/2013,Christopher Walken,
1/25/2013,Special Edition - A Look Back at the Fiscal Cliff,
1/28/2013,Bob Costas,
1/29/2013,Melissa McCarthy,
1/30/2013,Al Gore,
1/31/2013,Jason Bateman,
2/1/2013,Special Edition - A Look Back at Women in the Military,
2/4/2013,Michelle Rhee,
2/5/2013,Ray Kelly,
2/6/2013,Ed Whitacre,
2/7/2013,Neil Barofsky,
2/11/2013,George Stephanopoulos,
2/12/2013,Mike Piazza,
2/13/2013,Fawzia Koofi,
2/14/2013,Susan E. Rice,
2/19/2013,Alison Brie,
2/20/2013,Helaine Olen,
2/21/2013,Steven Brill,
2/25/2013,Donnie Wahlberg,
2/26/2013,Lori Silverbush & Kristi Jacobson,
2/27/2013,R.J. Cutler,
2/28/2013,Rachel Maddow,
3/4/2013,Paul Rudd,
3/5/2013,Sandra Day O'Connor,
3/6/2013,Neil DeGrasse Tyson,
3/7/2013,Tom Coughlin,
3/25/2013,Peter Dinklage,
3/26/2013,Michael Moss,
3/27/2013,Eva Mendes,
3/28/2013,Denise Kiernan,
4/1/2013,Mary Roach,
4/2/2013,Jonathan Sperber,
4/3/2013,Sheryl Sandberg,
4/4/2013,Danny Boyle,
4/8/2013,David Stockman,
4/9/2013,Jimmy Carter,
4/10/2013,Ken Burns,
4/11/2013,Edie Falco,
4/16/2013,Tom Cruise,
4/17/2013,Ricky Gervais,
4/18/2013,Mark Mazzetti,
4/22/2013,Christina Hendricks,
4/23/2013,Salman Rushdie,
4/24/2013,Bassem Youssef,
4/25/2013,Vali Nasr,
4/29/2013,Jon Hamm,
4/30/2013,Robert Downey Jr,
5/1/2013,Kay Bailey Hutchison,
5/2/2013,Eric Greitens,
5/6/2013,Christiane Amanpour,
5/7/2013,Mindy Kaling,
5/8/2013,Carey Mulligan,
5/9/2013,David Sedaris,
5/13/2013,J.J. Abrams,
5/14/2013,Nathan Lane,
5/15/2013,Olympia Snowe,
5/16/2013,George Packer,
5/20/2013,Ellen Page,
5/21/2013,Phil Jackson,
5/22/2013,Bill O'Reilly,
5/23/2013,Morgan Freeman,
6/3/2013,Maxim Pozdorovkin & Mike Lerner,
6/4/2013,Brian Williams,
6/5/2013,Jon Favreau,
6/6/2013,No Guests,
6/10/2013,Seth Rogen,
6/11/2013,Armando Iannucci,
6/12/2013,Mavis Staples,
6/13/2013,Fareed Zakaria,
6/17/2013,Linda Cardellini,
6/18/2013,Jim Gaffigan,
6/19/2013,Dawn Porter,
6/20/2013,Tom Brokaw,
6/24/2013,Maggie Gyllenhaal,
6/25/2013,Questlove,
6/26/2013,Josh Fox,
6/27/2013,Tom Goldstein,
7/15/2013,Aaron Sorkin,
7/16/2013,Helen Mirren,
7/17/2013,Reza Aslan,
7/18/2013,Sarah Vowell,
7/22/2013,Louis C.K.,
7/23/2013,Richard Haass,
7/24/2013,Shailene Woodley,
7/25/2013,Bob Bradley,
7/29/2013,Mark Leibovich,
7/30/2013,Tim Gunn,
7/31/2013,Hank Azaria,
8/1/2013,Colin Quinn,
8/5/2013,Neal Thompson,
8/6/2013,Liam Hemsworth,
8/7/2013,Lake Bell,
8/8/2013,Kirsten Gillibrand,
8/12/2013,Rand Paul,
8/13/2013,Joshua Oppenheimer,
8/14/2013,Regis Philbin,
8/15/2013,Simon Pegg,
9/3/2013,Andrew Harper,
9/4/2013,Mario Livio,
9/5/2013,Michael C. Hall,
9/9/2013,Sheri Fink,
9/10/2013,Bill Dedman,
9/11/2013,Bob Odenkirk & David Cross,
9/12/2013,Billy Crystal,
9/16/2013,Robert Reich,
9/17/2013,Jake Gyllenhaal,
9/18/2013,Hugh Jackman,
9/19/2013,Chelsea Clinton,
9/24/2013,Richard Dawkins,
9/25/2013,Atoms for Peace,
9/26/2013,Robin Williams,
9/30/2013,Bill O'Reilly,
10/1/2013,David Mitchell,
10/2/2013,Sandra Bullock,
10/3/2013,Kerry Washington,
10/7/2013,Kathleen Sebelius,
10/8/2013,Malala Yousafzai,
10/9/2013,Michael Fassbender,
10/10/2013,Brian Jay Jones,
10/21/2013,Alan Greenspan,
10/22/2013,Malcolm Gladwell,
10/23/2013,Charles Krauthammer,
10/24/2013,Chiwetel Ejiofor,
10/28/2013,Nick Offerman,
10/29/2013,Rep. Debbie Wasserman Schultz,
10/30/2013,Diane Ravitch,
10/31/2013,Mark Fainaru-Wada,
11/4/2013,Bob Woodruff,
11/5/2013,John Goodman,
11/6/2013,Monique Brinson Demery,
11/7/2013,Patrick Stewart,
11/11/2013,Doris Kearns Goodwin,
11/12/2013,Joe Scarborough,
11/13/2013,Key & Peele,
11/14/2013,Geoffrey Rush,
11/18/2013,Elizabeth Olsen,
11/19/2013,Bill Cosby,
11/20/2013,Tom Brokaw,
11/21/2013,Jennifer Lawrence,
12/2/2013,Ian McKellen,
12/3/2013,Jared Leto,
12/4/2013,Jehane Noujaim,
12/5/2013,Jorge Ramos,
12/9/2013,Husain Haqqani,
12/10/2013,Amy Adams,
12/11/2013,Reza Aslan,
12/12/2013,Evangeline Lilly,
12/16/2013,Haifaa al-Mansour,
12/17/2013,Erik Prince,
12/18/2013,"Steve Carell, Will Ferrell, David Koechner & Paul Rudd",
12/19/2013,Jonah Hill,
1/6/2014,Oscar Isaac,
1/7/2014,Steve Coogan,
1/8/2014,Richard Cordray,
1/9/2014,Scarlett Johansson,
1/13/2014,Roger Ross Williams,
1/14/2014,Tim Gunn,
1/15/2014,Robert Gates,
1/16/2014,Steven Brill,
1/20/2014,Marilynne Roach,
1/21/2014,Theresa Payton,
1/22/2014,Hari Sreenivasan,
1/23/2014,Anjan Sundaram,
1/27/2014,Jeff Garlin,
1/28/2014,Louis C.K.,
1/29/2014,Johnny Knoxville,
1/30/2014,Nancy Pelosi,
2/3/2014,Bill de Blasio,
2/4/2014,Elizabeth Banks,
2/5/2014,George Clooney,
2/6/2014,Robyn Doolittle,
2/10/2014,Ty Burrell,
2/11/2014,Elizabeth Kolbert,
2/12/2014,Joel Kinnaman,
2/18/2014,Kevin Spacey,
2/19/2014,David O. Russell,
2/20/2014,Ronan Farrow,
2/24/2014,Hooman Majd,
2/25/2014,Michio Kaku,
2/26/2014,Liam Neeson,
2/27/2014,Kevin Roose,
3/3/2014,Seth MacFarlane,
3/4/2014,Jim DeMint,
3/5/2014,Rachel Maddow,
3/6/2014,Kimberly Marten,
3/10/2014,Paul Taylor,
3/11/2014,Andrew Napolitano,
3/12/2014,Jason Bateman,
3/13/2014,Anita Hill,
3/24/2014,Arianna Huffington,
3/25/2014,Amy Yates Wuelfing & Gibby Haynes,
3/26/2014,Jude Law,
3/27/2014,Nate Silver,
3/31/2014,Peter Dinklage,
4/1/2014,Michael Lewis,
4/2/2014,Samuel L. Jackson,
4/3/2014,Pelé,
4/7/2014,Matt Taibbi,
4/8/2014,Denis Leary,
4/9/2014,Colin Firth,
4/10/2014,Jennifer Garner,
4/21/2014,Gina McCarthy,
4/22/2014,Elizabeth Warren,
4/23/2014,Robin Roberts,
4/24/2014,Ramachandra Guha,
4/28/2014,Mookie Wilson,
4/29/2014,William D. Cohan,
4/30/2014,Martin Gilens & Benjamin Page,
5/1/2014,David Spade,
5/5/2014,Mariano Rivera,
5/6/2014,Peter Schuck,
5/7/2014,Seth Rogen,
5/8/2014,Katie Couric,
5/12/2014,Martin Blaser,
5/13/2014,Ron Suskind,
5/14/2014,Blondie,
5/15/2014,Jim Parsons,
5/19/2014,James McAvoy,
5/20/2014,Aneesh Chopra,
5/21/2014,Timothy Geithner,
5/22/2014,Drew Barrymore,
6/2/2014,Robert De Niro,
6/3/2014,Ricky Gervais,
6/4/2014,Gigi Ibrahim,
6/5/2014,Tom Cruise,
6/9/2014,Philip K. Howard,
6/10/2014,Sebastian Junger,
6/11/2014,Senator Charles Schumer,
6/12/2014,Christopher Walken,
6/16/2014,Howard Schultz,
6/17/2014,Daniel Schulman,
6/18/2014,Kevin Hart,
6/19/2014,Hamid Al-Bayati,
6/23/2014,Bill Maher,
6/24/2014,Jennifer Esposito,
6/25/2014,Keira Knightley,
6/26/2014,Melissa McCarthy,
7/14/2014,Dahlia Lithwick,
7/15/2014,Hillary Clinton,
7/16/2014,Jerry Seinfeld,
7/17/2014,Emma Stone,
7/21/2014,Sue Turton,
7/22/2014,Richard Linklater,
7/23/2014,George Takei,
7/24/2014,Fareed Zakaria,
7/28/2014,Sonia Nazario,
7/29/2014,Sara Firth,
7/30/2014,Maggie Gyllenhaal,
7/31/2014,Aubrey Plaza,
8/4/2014,Elisabeth Moss,
8/5/2014,Helen Thorpe,
8/6/2014,Wu-Tang Clan,
8/7/2014,Tracy Droz Tragos,
8/26/2014,David Rose,
8/27/2014,Hassan Abbas,
8/28/2014,Todd Glass,
9/2/2014,Ramita Navai,
9/3/2014,Rory Kennedy,
9/4/2014,Adam Levine,
9/9/2014,Kirsten Gillibrand,
9/10/2014,Ban Ki-moon,
9/11/2014,Tavis Smiley,
9/15/2014,Ken Burns,
9/16/2014,Bill Hader,
9/17/2014,Zephyr Teachout,
9/18/2014,Bill Clinton,
9/22/2014,Jenny Nordberg,
9/23/2014,Tony Zinni,
9/24/2014,Tia Torres,
9/25/2014,Steven Johnson,
9/29/2014,Hadi al-Bahra,
9/30/2014,Ben Affleck,
10/1/2014,Lena Dunham,
10/2/2014,Ben Steele,
10/6/2014,Atul Gawande,
10/7/2014,Wyatt Cenac,
10/8/2014,Leon Panetta,
10/9/2014,Jeremy Renner,
10/13/2014,Matt Bai,
10/14/2014,Zach Galifianakis,
10/15/2014,Bill O'Reilly,
10/16/2014,Bryan Stevenson,
10/27/2014,Wendy Davis,
10/28/2014,Joaquin Castro,
10/29/2014,Ellar Coltrane,
10/30/2014,Spoon,
11/3/2014,Jake Gyllenhaal,
11/4/2014,Reince Priebus,
11/5/2014,John Cleese,
11/6/2014,James Risen,
11/10/2014,Bruce Springsteen & Frank Caruso,
11/11/2014,Samantha Power,
11/12/2014,Steve Carell,
11/13/2014,Maziar Bahari & Gael Garcia Bernal,
11/17/2014,Laura Poitras,
11/18/2014,Benedict Cumberbatch,
11/19/2014,Jessica Chastain,
11/20/2014,Eddie Redmayne,
12/1/2014,Andrew Napolitano,
12/2/2014,Sophie Delaunay,
12/3/2014,Dave Grohl,
12/4/2014,Angelina Jolie,
12/8/2014,Norman Lear,
12/9/2014,Kathryn Bigelow & Juan Zarate,
12/10/2014,Suki Kim,
12/11/2014,Mick Foley,
12/15/2014,Tim Burton,
12/16/2014,Paul McCartney,
12/17/2014,Anna Kendrick,
12/18/2014,Chris Rock,
1/5/2015,Steven Brill,
1/6/2015,Cass Sunstein,
1/7/2015,Ava DuVernay,
1/8/2015,Allison Williams,
1/12/2015,Jimmy Carter,
1/13/2015,Marco Rubio,
1/14/2015,Julianne Moore,
1/15/2015,Sienna Miller,
1/19/2015,Mike Huckabee,
1/20/2015,Jennifer Lopez,
1/21/2015,Anne Hathaway,
1/22/2015,Jennifer Aniston,
1/26/2015,Julian Castro,
1/27/2015,Jill Leovy,
1/28/2015,Oscar Isaac,
1/29/2015,Sarah Chayes,
2/2/2015,Martin Short,
2/3/2015,Bill Browder,
2/4/2015,Wes Moore,
2/5/2015,Bob Odenkirk,
2/9/2015,Patricia Arquette,
2/10/2015,David Axelrod,
2/11/2015,Colin Firth,
2/23/2015,Christine Lagarde,
2/24/2015,Lynsey Addario,
2/25/2015,Conan O'Brien,
2/26/2015,Olivia Wilde,
3/2/2015,Robert Smigel,
3/3/2015,Sigourney Weaver,
3/4/2015,Viacheslav Fetisov,
3/5/2015,Gerald Posner,
3/9/2015,John Lewis,
3/10/2015,Abbi Jacobson & Ilana Glazer,
3/11/2015,Common,
3/12/2015,Rob Corddry,
3/16/2015,Andrew Cockburn,
3/17/2015,Amanda Seyfried,
3/18/2015,Kevin Hart,
3/19/2015,Will Ferrell,
3/23/2015,Ayaan Hirsi Ali,
3/24/2015,Jon Ronson,
3/25/2015,Kirby Dick & Amy Ziering,
3/26/2015,John Hargrove,
4/6/2015,Gene Baur,
4/7/2015,Peter Dinklage,
4/8/2015,Tavis Smiley,
4/9/2015,Elizabeth Warren,
4/13/2015,Adam Horovitz,
4/14/2015,Fareed Zakaria,
4/15/2015,Billy Crystal,
4/16/2015,Eric Greitens,
4/20/2015,Gayle Tzemach Lemmon,
4/21/2015,Jeff Garlin,
4/22/2015,Dana Perino,
4/23/2015,Neil deGrasse Tyson,
4/27/2015,Elizabeth Olsen,
4/28/2015,George Stephanopoulos,
4/29/2015,Judith Miller,
4/30/2015,Kristen Wiig,
5/4/2015,Brian Grazer,
5/5/2015,Willie Nelson,
5/6/2015,Ernest Moniz,
5/7/2015,Mumford & Sons,
5/11/2015,John Legend,
5/12/2015,Tom Brokaw,
5/13/2015,Reza Aslan,
5/14/2015,Rebel Wilson,
5/26/2015,Rand Paul,
5/27/2015,Rosabeth Moss Kanter,
5/28/2015,Matt Harvey,
6/1/2015,Stanley McChrystal,
6/2/2015,Bill de Blasio,
6/3/2015,Melissa McCarthy,
6/4/2015,Steve Buscemi,
6/8/2015,Nicola Sturgeon,
6/9/2015,Nick Offerman,
6/10/2015,Colin Quinn,
6/11/2015,Mark Ruffalo,
6/15/2015,Judd Apatow,
6/16/2015,Aziz Ansari,
6/17/2015,Bill Clinton,
6/18/2015,Malala Yousafzai,
6/22/2015,Al Franken,
6/23/2015,Seth MacFarlane,
6/24/2015,Andrew Napolitano,
6/25/2015,Richard Lewis,
6/29/2015,Taylor Schilling,
6/30/2015,Jon Hamm,
7/1/2015,Kirsten Gillibrand,
7/2/2015,Sarah Vowell,
7/20/2015,7/20/2015,
7/21/2015,7/21/2015,
7/22/2015,7/22/2015,
7/23/2015,7/23/2015,
7/27/2015,7/27/2015,
7/28/2015,7/28/2015,
7/29/2015,7/29/2015,
7/30/2015,7/30/2015,
8/3/2015,8/3/2015,
8/4/2015,8/4/2015,
8/5/2015,8/5/2015,
8/6/2015,Jon's Last Show,